CId,PId,cValue,importanceRating
8,158,68.0,4
8,117,77.0,4
8,130,68.0,4
8,266,72.0,4
8,278,67.0,4
8,156,67.0,4
8,380,65.0,4
8,165,68.0,4
8,227,79.0,4
8,244,68.0,4
8,157,73.0,4
8,161,72.0,4
8,167,60.0,4
8,160,72.0,4
8,370,62.0,4
8,174,69.0,4
8,175,73.0,4
8,173,74.0,4
8,280,74.0,4
8,163,75.0,4
8,356,0.0,4
8,357,63.0,4
8,384,73.0,4
8,383,0.0,4
8,379,92.0,4
8,162,0.0,4
8,382,75.0,4
8,222,79.0,4
8,184,58.0,4
8,311,0.0,4
8,245,0.0,4
8,183,0.0,4
8,138,0.0,4
8,166,84.0,4
8,246,68.0,4
8,259,82.0,4
8,295,84.0,4
8,363,65.0,4
8,137,61.0,4
8,172,0.0,4
8,139,62.0,4
8,153,54.0,4
8,257,0.0,4
8,132,68.0,4
8,115,72.0,4
8,247,80.0,4
8,143,71.0,4
8,369,58.0,4
8,220,59.0,4
8,105,74.0,4
8,106,76.0,4
8,129,78.0,4
8,144,80.0,4
8,150,61.0,4
8,372,65.0,4
8,381,62.0,4
8,159,78.0,4
8,190,64.0,4
8,192,83.0,4
8,337,79.0,4
8,201,57.0,4
8,226,65.0,4
8,209,65.0,4
8,242,74.0,4
8,237,64.0,4
8,376,48.0,4
8,253,73.0,4
8,254,70.0,4
8,255,83.0,4
8,262,91.0,4
8,216,83.0,4
8,127,72.0,4
8,273,64.0,4
8,285,48.0,4
8,312,69.0,4
8,198,0.0,4
8,195,80.0,4
8,263,88.0,4
8,271,83.0,4
8,315,75.0,4
8,346,80.0,4
8,276,83.0,4
8,385,75.0,4
8,359,68.0,4
8,116,70.0,4
8,189,66.0,4
8,260,76.0,4
8,185,0.0,4
8,104,65.0,4
8,149,69.0,4
8,188,67.0,4
8,191,64.0,4
8,347,67.0,4
8,200,50.0,4
8,241,69.0,4
8,277,68.0,4
8,261,62.0,4
8,126,72.0,4
8,140,0.0,4
8,197,0.0,4
8,284,50.0,4
8,316,64.0,4
8,368,51.0,4
8,112,81.0,4
8,211,75.0,4
8,358,69.0,4
8,128,88.0,4
8,270,59.0,4
8,386,55.0,4
8,134,0.0,4
8,131,81.0,4
8,274,74.0,4
8,219,74.0,4
8,136,57.0,4
8,168,62.0,4
8,340,69.0,4
8,307,68.0,4
8,214,59.0,4
8,206,70.0,4
8,269,86.0,4
8,249,0.0,4
8,121,83.0,4
8,323,88.0,4
8,123,65.0,4
8,147,64.0,4
8,256,87.0,4
8,205,59.0,4
8,151,62.0,4
8,202,61.0,4
8,240,72.0,4
8,225,66.0,4
8,239,66.0,4
8,318,0.0,4
8,343,77.0,4
8,187,73.0,4
8,199,77.0,4
8,367,61.0,4
8,243,80.0,4
8,152,66.0,4
8,350,63.0,4
8,333,0.0,4
8,283,0.0,4
8,154,0.0,4
8,354,77.0,4
8,374,63.0,4
8,113,68.0,4
8,221,66.0,4
8,327,65.0,4
8,353,0.0,4
8,373,74.0,4
8,108,73.0,4
8,328,64.0,4
8,210,54.0,4
8,135,66.0,4
8,145,62.0,4
8,203,50.0,4
8,224,59.0,4
8,238,0.0,4
8,288,37.0,4
8,287,47.0,4
8,351,51.0,4
8,213,57.0,4
8,212,69.0,4
8,250,0.0,4
8,335,47.0,4
8,344,69.0,4
8,164,81.0,4
8,258,70.0,4
8,118,77.0,4
8,196,84.0,4
8,107,86.0,4
8,133,84.0,4
8,215,72.0,4
8,124,74.0,4
8,146,80.0,4
8,204,82.0,4
8,324,71.0,4
8,114,74.0,4
8,119,81.0,4
8,186,70.0,4
8,223,78.0,4
8,326,80.0,4
8,334,77.0,4
8,355,68.0,4
8,352,0.0,4
8,229,65.0,4
8,292,77.0,4
8,148,69.0,4
8,178,56.0,4
8,301,74.0,4
8,302,67.0,4
8,330,82.0,4
8,177,0.0,4
8,182,56.0,4
8,300,62.0,4
8,313,46.0,4
8,320,51.0,4
8,110,58.0,4
8,325,68.0,4
8,294,72.0,4
8,251,65.0,4
8,319,69.0,4
8,336,67.0,4
8,341,86.0,4
8,345,71.0,4
8,361,68.0,4
8,207,59.0,4
8,371,0.0,4
8,120,83.0,4
8,275,82.0,4
8,377,70.0,4
8,342,62.0,4
8,102,63.0,4
8,103,75.0,4
8,169,64.0,4
8,155,80.0,4
8,289,63.0,4
8,290,62.0,4
8,291,62.0,4
8,125,66.0,4
8,111,59.0,4
8,141,0.0,4
8,179,69.0,4
8,194,0.0,4
8,208,56.0,4
8,217,65.0,4
8,282,69.0,4
8,293,70.0,4
8,310,48.0,4
8,322,57.0,4
8,332,66.0,4
8,339,63.0,4
8,321,0.0,4
8,109,58.0,4
8,236,53.0,4
8,375,77.0,4
8,317,72.0,4
8,329,65.0,4
8,362,71.0,4
8,298,68.0,4
8,303,0.0,4
8,309,0.0,4
8,364,0.0,4
8,101,60.0,4
8,176,55.0,4
8,231,0.0,4
8,279,70.0,4
8,304,54.0,4
8,265,52.0,4
8,170,46.0,4
8,171,40.0,4
8,235,0.0,4
8,264,57.0,4
8,234,0.0,4
8,142,58.0,4
8,180,66.0,4
8,286,64.0,4
8,338,68.0,4
8,252,63.0,4
8,267,0.0,4
8,193,0.0,4
8,306,0.0,4
8,181,81.0,4
8,314,55.0,4
8,331,58.0,4
8,366,69.0,4
8,378,54.0,4
8,296,50.0,4
8,248,69.0,4
8,268,0.0,4
8,299,67.0,4
8,305,76.0,4
8,233,64.0,4
8,230,0.0,4
8,281,60.0,4
8,297,45.0,4
8,308,62.0,4
8,228,0.0,4
8,122,71.0,4
8,218,50.0,4
8,365,67.0,4
8,232,0.0,4
8,272,64.0,4
8,349,70.0,4
8,360,49.0,4
8,348,68.0,4
5,158,80.33333333333333,4
5,117,65.66666666666667,4
5,130,63.0,4
5,266,57.0,4
5,278,70.0,4
5,156,56.333333333333336,4
5,380,53.666666666666664,4
5,165,59.666666666666664,4
5,227,69.33333333333333,4
5,244,59.333333333333336,4
5,157,53.0,4
5,161,61.333333333333336,4
5,167,60.666666666666664,4
5,160,60.0,4
5,370,56.333333333333336,4
5,174,49.333333333333336,4
5,175,53.666666666666664,4
5,173,43.0,4
5,280,48.333333333333336,4
5,163,45.0,4
5,356,0.0,4
5,357,47.333333333333336,4
5,384,54.333333333333336,4
5,383,0.0,4
5,379,52.0,4
5,162,0.0,4
5,382,53.666666666666664,4
5,222,50.0,4
5,184,50.0,4
5,311,0.0,4
5,245,0.0,4
5,183,0.0,4
5,138,0.0,4
5,166,63.666666666666664,4
5,246,63.666666666666664,4
5,259,42.666666666666664,4
5,295,53.666666666666664,4
5,363,44.333333333333336,4
5,137,47.666666666666664,4
5,172,0.0,4
5,139,38.0,4
5,153,47.666666666666664,4
5,257,0.0,4
5,132,51.666666666666664,4
5,115,62.0,4
5,247,55.333333333333336,4
5,143,53.666666666666664,4
5,369,66.66666666666667,4
5,220,54.666666666666664,4
5,105,54.333333333333336,4
5,106,61.0,4
5,129,57.666666666666664,4
5,144,70.0,4
5,150,65.33333333333333,4
5,372,66.33333333333333,4
5,381,53.333333333333336,4
5,159,50.666666666666664,4
5,190,60.0,4
5,192,60.666666666666664,4
5,337,61.666666666666664,4
5,201,57.666666666666664,4
5,226,65.33333333333333,4
5,209,58.333333333333336,4
5,242,66.66666666666667,4
5,237,54.333333333333336,4
5,376,56.0,4
5,253,60.0,4
5,254,67.33333333333333,4
5,255,57.333333333333336,4
5,262,61.0,4
5,216,48.0,4
5,127,63.333333333333336,4
5,273,60.0,4
5,285,71.0,4
5,312,63.0,4
5,198,0.0,4
5,195,55.333333333333336,4
5,263,58.666666666666664,4
5,271,57.0,4
5,315,52.333333333333336,4
5,346,66.33333333333333,4
5,276,54.333333333333336,4
5,385,51.333333333333336,4
5,359,56.0,4
5,116,53.0,4
5,189,54.666666666666664,4
5,260,48.666666666666664,4
5,185,0.0,4
5,104,69.66666666666667,4
5,149,53.666666666666664,4
5,188,61.666666666666664,4
5,191,66.33333333333333,4
5,347,66.0,4
5,200,60.666666666666664,4
5,241,66.66666666666667,4
5,277,57.333333333333336,4
5,261,68.66666666666667,4
5,126,56.0,4
5,140,0.0,4
5,197,0.0,4
5,284,67.66666666666667,4
5,316,59.666666666666664,4
5,368,54.666666666666664,4
5,112,57.666666666666664,4
5,211,57.666666666666664,4
5,358,54.333333333333336,4
5,128,61.666666666666664,4
5,270,67.0,4
5,386,68.33333333333333,4
5,134,0.0,4
5,131,54.333333333333336,4
5,274,48.333333333333336,4
5,219,49.333333333333336,4
5,136,70.66666666666667,4
5,168,54.0,4
5,340,57.666666666666664,4
5,307,57.666666666666664,4
5,214,63.0,4
5,206,50.666666666666664,4
5,269,63.333333333333336,4
5,249,0.0,4
5,121,42.0,4
5,323,41.666666666666664,4
5,123,52.333333333333336,4
5,147,59.333333333333336,4
5,256,57.333333333333336,4
5,205,54.666666666666664,4
5,151,46.333333333333336,4
5,202,49.0,4
5,240,43.666666666666664,4
5,225,48.0,4
5,239,46.666666666666664,4
5,318,0.0,4
5,343,39.333333333333336,4
5,187,41.0,4
5,199,37.0,4
5,367,44.333333333333336,4
5,243,71.33333333333333,4
5,152,63.0,4
5,350,40.0,4
5,333,0.0,4
5,283,0.0,4
5,154,0.0,4
5,354,43.666666666666664,4
5,374,44.666666666666664,4
5,113,47.666666666666664,4
5,221,37.333333333333336,4
5,327,39.0,4
5,353,0.0,4
5,373,54.333333333333336,4
5,108,62.666666666666664,4
5,328,52.666666666666664,4
5,210,67.33333333333333,4
5,135,44.666666666666664,4
5,145,64.0,4
5,203,61.0,4
5,224,56.333333333333336,4
5,238,0.0,4
5,288,71.0,4
5,287,66.66666666666667,4
5,351,36.0,4
5,213,70.33333333333333,4
5,212,66.66666666666667,4
5,250,0.0,4
5,335,62.333333333333336,4
5,344,44.333333333333336,4
5,164,44.666666666666664,4
5,258,31.333333333333332,4
5,118,44.0,4
5,196,53.0,4
5,107,52.0,4
5,133,55.333333333333336,4
5,215,56.666666666666664,4
5,124,51.0,4
5,146,64.33333333333333,4
5,204,52.666666666666664,4
5,324,46.666666666666664,4
5,114,47.0,4
5,119,48.0,4
5,186,35.666666666666664,4
5,223,39.333333333333336,4
5,326,34.666666666666664,4
5,334,45.0,4
5,355,41.666666666666664,4
5,352,0.0,4
5,229,61.0,4
5,292,74.0,4
5,148,76.66666666666667,4
5,178,90.0,4
5,301,90.33333333333333,4
5,302,76.66666666666667,4
5,330,84.66666666666667,4
5,177,0.0,4
5,182,44.333333333333336,4
5,300,67.66666666666667,4
5,313,94.0,4
5,320,80.66666666666667,4
5,110,69.33333333333333,4
5,325,79.66666666666667,4
5,294,56.333333333333336,4
5,251,49.333333333333336,4
5,319,78.33333333333333,4
5,336,79.66666666666667,4
5,341,52.0,4
5,345,75.0,4
5,361,46.333333333333336,4
5,207,50.666666666666664,4
5,371,0.0,4
5,120,48.666666666666664,4
5,275,36.666666666666664,4
5,377,81.0,4
5,342,76.66666666666667,4
5,102,85.0,4
5,103,68.66666666666667,4
5,169,79.66666666666667,4
5,155,76.33333333333333,4
5,289,81.0,4
5,290,80.0,4
5,291,77.33333333333333,4
5,125,56.666666666666664,4
5,111,84.0,4
5,141,0.0,4
5,179,81.0,4
5,194,0.0,4
5,208,93.33333333333333,4
5,217,76.0,4
5,282,87.33333333333333,4
5,293,87.33333333333333,4
5,310,78.33333333333333,4
5,322,79.33333333333333,4
5,332,69.33333333333333,4
5,339,84.33333333333333,4
5,321,0.0,4
5,109,81.0,4
5,236,84.66666666666667,4
5,375,90.0,4
5,317,85.0,4
5,329,69.33333333333333,4
5,362,91.0,4
5,298,92.33333333333333,4
5,303,0.0,4
5,309,0.0,4
5,364,0.0,4
5,101,60.0,4
5,176,57.333333333333336,4
5,231,0.0,4
5,279,64.33333333333333,4
5,304,54.333333333333336,4
5,265,79.66666666666667,4
5,170,72.0,4
5,171,65.0,4
5,235,0.0,4
5,264,58.666666666666664,4
5,234,0.0,4
5,142,69.33333333333333,4
5,180,60.666666666666664,4
5,286,74.33333333333333,4
5,338,57.666666666666664,4
5,252,73.66666666666667,4
5,267,0.0,4
5,193,0.0,4
5,306,0.0,4
5,181,64.66666666666667,4
5,314,70.0,4
5,331,62.333333333333336,4
5,366,81.66666666666667,4
5,378,68.66666666666667,4
5,296,61.0,4
5,248,70.66666666666667,4
5,268,0.0,4
5,299,46.0,4
5,305,60.0,4
5,233,58.666666666666664,4
5,230,0.0,4
5,281,62.666666666666664,4
5,297,59.666666666666664,4
5,308,49.0,4
5,228,0.0,4
5,122,72.66666666666667,4
5,218,54.0,4
5,365,72.66666666666667,4
5,232,0.0,4
5,272,75.33333333333333,4
5,349,54.0,4
5,360,68.66666666666667,4
5,348,57.666666666666664,4
1,158,79.6,4
1,117,79.2,4
1,130,73.8,4
1,266,81.6,4
1,278,80.0,4
1,156,76.2,4
1,380,73.8,4
1,165,70.8,4
1,227,78.8,4
1,244,66.0,4
1,157,71.2,4
1,161,74.8,4
1,167,70.8,4
1,160,65.2,4
1,370,77.0,4
1,174,67.4,4
1,175,68.2,4
1,173,66.4,4
1,280,72.4,4
1,163,63.0,4
1,356,0.0,4
1,357,72.0,4
1,384,72.4,4
1,383,0.0,4
1,379,72.6,4
1,162,0.0,4
1,382,71.2,4
1,222,68.8,4
1,184,70.0,4
1,311,0.0,4
1,245,0.0,4
1,183,0.0,4
1,138,0.0,4
1,166,76.2,4
1,246,87.8,4
1,259,57.4,4
1,295,70.2,4
1,363,61.6,4
1,137,69.4,4
1,172,0.0,4
1,139,69.0,4
1,153,76.2,4
1,257,0.0,4
1,132,66.0,4
1,115,76.4,4
1,247,77.6,4
1,143,74.6,4
1,369,73.6,4
1,220,68.0,4
1,105,71.6,4
1,106,73.8,4
1,129,73.0,4
1,144,71.4,4
1,150,77.0,4
1,372,77.0,4
1,381,75.2,4
1,159,71.8,4
1,190,70.4,4
1,192,67.0,4
1,337,75.4,4
1,201,70.2,4
1,226,73.2,4
1,209,73.4,4
1,242,72.8,4
1,237,70.2,4
1,376,71.8,4
1,253,69.6,4
1,254,69.4,4
1,255,72.6,4
1,262,69.0,4
1,216,68.0,4
1,127,77.8,4
1,273,72.4,4
1,285,66.2,4
1,312,80.2,4
1,198,0.0,4
1,195,70.6,4
1,263,72.6,4
1,271,69.8,4
1,315,69.2,4
1,346,75.2,4
1,276,68.2,4
1,385,69.2,4
1,359,65.6,4
1,116,71.4,4
1,189,71.4,4
1,260,66.2,4
1,185,0.0,4
1,104,74.2,4
1,149,69.4,4
1,188,70.8,4
1,191,66.0,4
1,347,70.4,4
1,200,62.4,4
1,241,72.0,4
1,277,67.0,4
1,261,74.6,4
1,126,66.4,4
1,140,0.0,4
1,197,0.0,4
1,284,65.6,4
1,316,60.2,4
1,368,64.8,4
1,112,74.8,4
1,211,67.4,4
1,358,72.4,4
1,128,72.8,4
1,270,72.4,4
1,386,74.4,4
1,134,0.0,4
1,131,76.4,4
1,274,70.4,4
1,219,67.8,4
1,136,79.0,4
1,168,67.2,4
1,340,75.4,4
1,307,73.0,4
1,214,72.6,4
1,206,71.8,4
1,269,77.2,4
1,249,0.0,4
1,121,67.8,4
1,323,68.0,4
1,123,70.2,4
1,147,69.0,4
1,256,70.6,4
1,205,78.2,4
1,151,70.4,4
1,202,77.8,4
1,240,64.2,4
1,225,69.4,4
1,239,69.0,4
1,318,0.0,4
1,343,65.4,4
1,187,64.2,4
1,199,57.4,4
1,367,75.8,4
1,243,78.0,4
1,152,68.4,4
1,350,72.8,4
1,333,0.0,4
1,283,0.0,4
1,154,0.0,4
1,354,66.6,4
1,374,75.2,4
1,113,69.0,4
1,221,61.2,4
1,327,64.6,4
1,353,0.0,4
1,373,73.6,4
1,108,69.6,4
1,328,66.2,4
1,210,71.8,4
1,135,64.4,4
1,145,71.4,4
1,203,70.2,4
1,224,65.0,4
1,238,0.0,4
1,288,64.2,4
1,287,69.2,4
1,351,62.2,4
1,213,78.4,4
1,212,66.0,4
1,250,0.0,4
1,335,62.0,4
1,344,67.4,4
1,164,76.4,4
1,258,63.0,4
1,118,78.0,4
1,196,73.8,4
1,107,80.8,4
1,133,80.8,4
1,215,76.4,4
1,124,72.2,4
1,146,71.6,4
1,204,75.0,4
1,324,73.4,4
1,114,74.0,4
1,119,79.6,4
1,186,65.8,4
1,223,71.4,4
1,326,70.6,4
1,334,73.6,4
1,355,74.4,4
1,352,0.0,4
1,229,76.8,4
1,292,79.6,4
1,148,74.8,4
1,178,84.4,4
1,301,76.0,4
1,302,77.8,4
1,330,81.8,4
1,177,0.0,4
1,182,69.0,4
1,300,75.6,4
1,313,73.6,4
1,320,77.8,4
1,110,69.4,4
1,325,68.4,4
1,294,77.4,4
1,251,71.4,4
1,319,77.8,4
1,336,74.0,4
1,341,82.8,4
1,345,74.4,4
1,361,76.0,4
1,207,68.0,4
1,371,0.0,4
1,120,75.8,4
1,275,72.8,4
1,377,69.0,4
1,342,79.0,4
1,102,82.0,4
1,103,76.2,4
1,169,77.6,4
1,155,75.6,4
1,289,78.6,4
1,290,76.8,4
1,291,76.0,4
1,125,74.0,4
1,111,77.0,4
1,141,0.0,4
1,179,75.6,4
1,194,0.0,4
1,208,75.8,4
1,217,77.4,4
1,282,83.6,4
1,293,76.6,4
1,310,64.2,4
1,322,78.0,4
1,332,74.6,4
1,339,79.2,4
1,321,0.0,4
1,109,76.6,4
1,236,80.4,4
1,375,81.0,4
1,317,82.6,4
1,329,74.0,4
1,362,78.0,4
1,298,82.8,4
1,303,0.0,4
1,309,0.0,4
1,364,0.0,4
1,101,64.4,4
1,176,69.0,4
1,231,0.0,4
1,279,69.8,4
1,304,63.0,4
1,265,76.4,4
1,170,69.8,4
1,171,56.2,4
1,235,0.0,4
1,264,64.8,4
1,234,0.0,4
1,142,71.2,4
1,180,69.0,4
1,286,73.8,4
1,338,67.8,4
1,252,67.6,4
1,267,0.0,4
1,193,0.0,4
1,306,0.0,4
1,181,79.8,4
1,314,69.6,4
1,331,77.6,4
1,366,72.8,4
1,378,70.8,4
1,296,63.8,4
1,248,78.4,4
1,268,0.0,4
1,299,64.6,4
1,305,72.6,4
1,233,70.0,4
1,230,0.0,4
1,281,72.2,4
1,297,63.0,4
1,308,67.6,4
1,228,0.0,4
1,122,74.6,4
1,218,68.2,4
1,365,70.2,4
1,232,0.0,4
1,272,71.0,4
1,349,70.0,4
1,360,76.2,4
1,348,73.2,4
22,158,49.5,4
22,117,57.166666666666664,4
22,130,56.333333333333336,4
22,266,46.833333333333336,4
22,278,49.0,4
22,156,40.833333333333336,4
22,380,47.0,4
22,165,39.833333333333336,4
22,227,52.833333333333336,4
22,244,42.0,4
22,157,49.333333333333336,4
22,161,52.333333333333336,4
22,167,52.0,4
22,160,56.833333333333336,4
22,370,53.333333333333336,4
22,174,50.333333333333336,4
22,175,49.833333333333336,4
22,173,39.0,4
22,280,52.333333333333336,4
22,163,44.833333333333336,4
22,356,0.0,4
22,357,42.166666666666664,4
22,384,42.666666666666664,4
22,383,0.0,4
22,379,41.166666666666664,4
22,162,0.0,4
22,382,49.333333333333336,4
22,222,47.5,4
22,184,45.166666666666664,4
22,311,0.0,4
22,245,0.0,4
22,183,0.0,4
22,138,0.0,4
22,166,57.833333333333336,4
22,246,49.833333333333336,4
22,259,32.333333333333336,4
22,295,36.333333333333336,4
22,363,34.5,4
22,137,36.833333333333336,4
22,172,0.0,4
22,139,36.333333333333336,4
22,153,39.0,4
22,257,0.0,4
22,132,46.666666666666664,4
22,115,56.666666666666664,4
22,247,57.333333333333336,4
22,143,52.5,4
22,369,61.166666666666664,4
22,220,61.0,4
22,105,55.0,4
22,106,63.333333333333336,4
22,129,56.0,4
22,144,60.0,4
22,150,56.833333333333336,4
22,372,56.0,4
22,381,55.166666666666664,4
22,159,60.833333333333336,4
22,190,53.666666666666664,4
22,192,59.5,4
22,337,56.166666666666664,4
22,201,52.833333333333336,4
22,226,54.166666666666664,4
22,209,58.0,4
22,242,57.833333333333336,4
22,237,45.666666666666664,4
22,376,55.5,4
22,253,63.0,4
22,254,56.666666666666664,4
22,255,59.166666666666664,4
22,262,56.166666666666664,4
22,216,51.0,4
22,127,60.833333333333336,4
22,273,52.666666666666664,4
22,285,57.833333333333336,4
22,312,46.666666666666664,4
22,198,0.0,4
22,195,56.166666666666664,4
22,263,58.5,4
22,271,58.333333333333336,4
22,315,58.833333333333336,4
22,346,70.33333333333333,4
22,276,61.666666666666664,4
22,385,56.0,4
22,359,51.0,4
22,116,54.0,4
22,189,50.333333333333336,4
22,260,56.833333333333336,4
22,185,0.0,4
22,104,52.833333333333336,4
22,149,53.5,4
22,188,59.333333333333336,4
22,191,55.5,4
22,347,70.66666666666667,4
22,200,48.0,4
22,241,58.0,4
22,277,61.666666666666664,4
22,261,63.833333333333336,4
22,126,58.833333333333336,4
22,140,0.0,4
22,197,0.0,4
22,284,55.666666666666664,4
22,316,59.0,4
22,368,52.0,4
22,112,54.333333333333336,4
22,211,51.333333333333336,4
22,358,50.666666666666664,4
22,128,63.5,4
22,270,52.5,4
22,386,44.333333333333336,4
22,134,0.0,4
22,131,43.333333333333336,4
22,274,50.833333333333336,4
22,219,43.166666666666664,4
22,136,54.833333333333336,4
22,168,51.166666666666664,4
22,340,48.666666666666664,4
22,307,30.333333333333332,4
22,214,48.5,4
22,206,35.166666666666664,4
22,269,46.5,4
22,249,0.0,4
22,121,43.166666666666664,4
22,323,46.666666666666664,4
22,123,42.166666666666664,4
22,147,56.666666666666664,4
22,256,58.0,4
22,205,46.166666666666664,4
22,151,30.166666666666668,4
22,202,46.0,4
22,240,39.333333333333336,4
22,225,45.166666666666664,4
22,239,46.166666666666664,4
22,318,0.0,4
22,343,43.0,4
22,187,31.333333333333332,4
22,199,29.333333333333332,4
22,367,41.0,4
22,243,36.333333333333336,4
22,152,33.0,4
22,350,25.5,4
22,333,0.0,4
22,283,0.0,4
22,154,0.0,4
22,354,31.666666666666668,4
22,374,30.0,4
22,113,37.666666666666664,4
22,221,34.666666666666664,4
22,327,25.5,4
22,353,0.0,4
22,373,41.166666666666664,4
22,108,50.666666666666664,4
22,328,54.833333333333336,4
22,210,54.0,4
22,135,41.666666666666664,4
22,145,59.666666666666664,4
22,203,50.166666666666664,4
22,224,50.666666666666664,4
22,238,0.0,4
22,288,55.333333333333336,4
22,287,49.333333333333336,4
22,351,31.333333333333332,4
22,213,56.333333333333336,4
22,212,48.0,4
22,250,0.0,4
22,335,45.833333333333336,4
22,344,53.0,4
22,164,43.666666666666664,4
22,258,33.166666666666664,4
22,118,54.833333333333336,4
22,196,44.333333333333336,4
22,107,41.833333333333336,4
22,133,44.0,4
22,215,40.5,4
22,124,41.5,4
22,146,38.0,4
22,204,42.0,4
22,324,46.0,4
22,114,37.5,4
22,119,30.5,4
22,186,32.333333333333336,4
22,223,39.166666666666664,4
22,326,23.166666666666668,4
22,334,37.166666666666664,4
22,355,28.166666666666668,4
22,352,0.0,4
22,229,46.166666666666664,4
22,292,48.666666666666664,4
22,148,42.5,4
22,178,54.166666666666664,4
22,301,54.166666666666664,4
22,302,48.333333333333336,4
22,330,59.833333333333336,4
22,177,0.0,4
22,182,35.666666666666664,4
22,300,52.666666666666664,4
22,313,49.666666666666664,4
22,320,44.666666666666664,4
22,110,47.666666666666664,4
22,325,46.5,4
22,294,37.5,4
22,251,33.5,4
22,319,40.333333333333336,4
22,336,67.83333333333333,4
22,341,36.166666666666664,4
22,345,58.333333333333336,4
22,361,33.166666666666664,4
22,207,43.5,4
22,371,0.0,4
22,120,31.833333333333332,4
22,275,31.666666666666668,4
22,377,37.5,4
22,342,53.5,4
22,102,46.166666666666664,4
22,103,35.5,4
22,169,50.833333333333336,4
22,155,46.666666666666664,4
22,289,60.166666666666664,4
22,290,42.0,4
22,291,43.166666666666664,4
22,125,59.5,4
22,111,56.0,4
22,141,0.0,4
22,179,34.0,4
22,194,0.0,4
22,208,35.0,4
22,217,44.333333333333336,4
22,282,43.666666666666664,4
22,293,38.666666666666664,4
22,310,36.5,4
22,322,56.166666666666664,4
22,332,33.666666666666664,4
22,339,59.166666666666664,4
22,321,0.0,4
22,109,41.833333333333336,4
22,236,43.666666666666664,4
22,375,48.833333333333336,4
22,317,50.666666666666664,4
22,329,37.166666666666664,4
22,362,48.0,4
22,298,50.833333333333336,4
22,303,0.0,4
22,309,0.0,4
22,364,0.0,4
22,101,42.833333333333336,4
22,176,49.333333333333336,4
22,231,0.0,4
22,279,36.166666666666664,4
22,304,31.833333333333332,4
22,265,61.333333333333336,4
22,170,51.0,4
22,171,43.333333333333336,4
22,235,0.0,4
22,264,56.666666666666664,4
22,234,0.0,4
22,142,52.5,4
22,180,49.5,4
22,286,55.166666666666664,4
22,338,51.166666666666664,4
22,252,54.833333333333336,4
22,267,0.0,4
22,193,0.0,4
22,306,0.0,4
22,181,55.833333333333336,4
22,314,47.333333333333336,4
22,331,44.0,4
22,366,47.5,4
22,378,48.333333333333336,4
22,296,46.0,4
22,248,45.833333333333336,4
22,268,0.0,4
22,299,43.833333333333336,4
22,305,54.0,4
22,233,50.666666666666664,4
22,230,0.0,4
22,281,53.333333333333336,4
22,297,45.333333333333336,4
22,308,40.833333333333336,4
22,228,0.0,4
22,122,36.0,4
22,218,30.166666666666668,4
22,365,55.333333333333336,4
22,232,0.0,4
22,272,44.333333333333336,4
22,349,25.5,4
22,360,44.0,4
22,348,46.166666666666664,4
2,158,87.0,4
2,117,87.0,4
2,130,88.0,4
2,266,80.5,4
2,278,84.0,4
2,156,74.0,4
2,380,83.5,4
2,165,72.5,4
2,227,79.5,4
2,244,74.5,4
2,157,85.0,4
2,161,77.5,4
2,167,77.0,4
2,160,81.0,4
2,370,83.0,4
2,174,73.0,4
2,175,83.5,4
2,173,75.5,4
2,280,80.0,4
2,163,73.5,4
2,356,0.0,4
2,357,77.5,4
2,384,83.5,4
2,383,0.0,4
2,379,84.5,4
2,162,0.0,4
2,382,81.5,4
2,222,77.5,4
2,184,72.5,4
2,311,0.0,4
2,245,0.0,4
2,183,0.0,4
2,138,0.0,4
2,166,87.5,4
2,246,82.5,4
2,259,90.0,4
2,295,94.0,4
2,363,82.0,4
2,137,81.5,4
2,172,0.0,4
2,139,79.0,4
2,153,73.5,4
2,257,0.0,4
2,132,79.5,4
2,115,78.5,4
2,247,79.0,4
2,143,79.0,4
2,369,84.5,4
2,220,80.5,4
2,105,85.5,4
2,106,87.0,4
2,129,85.0,4
2,144,81.5,4
2,150,79.5,4
2,372,83.5,4
2,381,80.5,4
2,159,86.5,4
2,190,82.5,4
2,192,80.5,4
2,337,87.0,4
2,201,78.0,4
2,226,81.5,4
2,209,81.5,4
2,242,83.5,4
2,237,81.5,4
2,376,82.5,4
2,253,81.5,4
2,254,80.0,4
2,255,83.0,4
2,262,86.0,4
2,216,73.0,4
2,127,81.0,4
2,273,86.0,4
2,285,70.0,4
2,312,80.0,4
2,198,0.0,4
2,195,81.5,4
2,263,76.0,4
2,271,86.0,4
2,315,81.0,4
2,346,86.0,4
2,276,81.5,4
2,385,76.5,4
2,359,73.5,4
2,116,70.5,4
2,189,68.0,4
2,260,78.0,4
2,185,0.0,4
2,104,79.5,4
2,149,72.0,4
2,188,83.5,4
2,191,66.5,4
2,347,80.0,4
2,200,64.5,4
2,241,81.0,4
2,277,78.5,4
2,261,79.5,4
2,126,70.0,4
2,140,0.0,4
2,197,0.0,4
2,284,68.5,4
2,316,74.5,4
2,368,74.5,4
2,112,86.5,4
2,211,78.5,4
2,358,83.5,4
2,128,88.0,4
2,270,73.0,4
2,386,83.5,4
2,134,0.0,4
2,131,92.0,4
2,274,78.5,4
2,219,88.5,4
2,136,91.0,4
2,168,83.5,4
2,340,84.0,4
2,307,70.0,4
2,214,80.0,4
2,206,86.0,4
2,269,83.5,4
2,249,0.0,4
2,121,91.5,4
2,323,85.0,4
2,123,84.0,4
2,147,75.0,4
2,256,83.0,4
2,205,83.5,4
2,151,80.0,4
2,202,83.5,4
2,240,75.5,4
2,225,80.5,4
2,239,82.5,4
2,318,0.0,4
2,343,79.5,4
2,187,89.5,4
2,199,85.0,4
2,367,78.5,4
2,243,90.5,4
2,152,89.5,4
2,350,81.0,4
2,333,0.0,4
2,283,0.0,4
2,154,0.0,4
2,354,83.5,4
2,374,80.0,4
2,113,81.5,4
2,221,77.5,4
2,327,83.5,4
2,353,0.0,4
2,373,80.5,4
2,108,75.0,4
2,328,82.5,4
2,210,73.0,4
2,135,73.0,4
2,145,76.5,4
2,203,69.0,4
2,224,65.5,4
2,238,0.0,4
2,288,63.0,4
2,287,68.5,4
2,351,65.5,4
2,213,81.0,4
2,212,83.0,4
2,250,0.0,4
2,335,65.5,4
2,344,74.0,4
2,164,89.0,4
2,258,77.0,4
2,118,86.0,4
2,196,87.0,4
2,107,89.0,4
2,133,91.5,4
2,215,91.0,4
2,124,83.5,4
2,146,84.0,4
2,204,81.5,4
2,324,89.5,4
2,114,83.5,4
2,119,81.0,4
2,186,80.5,4
2,223,84.0,4
2,326,81.0,4
2,334,89.0,4
2,355,84.5,4
2,352,0.0,4
2,229,86.0,4
2,292,83.5,4
2,148,91.0,4
2,178,91.5,4
2,301,93.0,4
2,302,89.0,4
2,330,93.0,4
2,177,0.0,4
2,182,82.5,4
2,300,94.0,4
2,313,84.5,4
2,320,93.0,4
2,110,81.5,4
2,325,90.0,4
2,294,85.0,4
2,251,89.0,4
2,319,91.0,4
2,336,81.0,4
2,341,81.5,4
2,345,76.0,4
2,361,82.5,4
2,207,78.5,4
2,371,0.0,4
2,120,83.0,4
2,275,84.5,4
2,377,94.5,4
2,342,83.5,4
2,102,82.5,4
2,103,91.0,4
2,169,83.0,4
2,155,87.5,4
2,289,92.0,4
2,290,91.0,4
2,291,92.0,4
2,125,89.5,4
2,111,94.0,4
2,141,0.0,4
2,179,91.5,4
2,194,0.0,4
2,208,92.0,4
2,217,91.5,4
2,282,98.0,4
2,293,94.0,4
2,310,95.5,4
2,322,89.5,4
2,332,94.5,4
2,339,95.0,4
2,321,0.0,4
2,109,93.5,4
2,236,92.5,4
2,375,94.0,4
2,317,94.5,4
2,329,91.5,4
2,362,99.0,4
2,298,94.5,4
2,303,0.0,4
2,309,0.0,4
2,364,0.0,4
2,101,83.5,4
2,176,75.5,4
2,231,0.0,4
2,279,91.5,4
2,304,82.0,4
2,265,85.0,4
2,170,67.5,4
2,171,75.0,4
2,235,0.0,4
2,264,78.0,4
2,234,0.0,4
2,142,70.0,4
2,180,74.5,4
2,286,76.5,4
2,338,74.5,4
2,252,75.0,4
2,267,0.0,4
2,193,0.0,4
2,306,0.0,4
2,181,79.5,4
2,314,61.5,4
2,331,79.0,4
2,366,71.5,4
2,378,69.0,4
2,296,64.5,4
2,248,74.5,4
2,268,0.0,4
2,299,81.5,4
2,305,85.5,4
2,233,82.5,4
2,230,0.0,4
2,281,80.5,4
2,297,72.0,4
2,308,83.5,4
2,228,0.0,4
2,122,88.5,4
2,218,77.0,4
2,365,76.0,4
2,232,0.0,4
2,272,86.5,4
2,349,66.5,4
2,360,77.0,4
2,348,75.5,4
10,158,67.57142857142857,4
10,117,65.71428571428571,4
10,130,66.71428571428571,4
10,266,68.71428571428571,4
10,278,67.71428571428571,4
10,156,51.57142857142857,4
10,380,65.28571428571429,4
10,165,59.142857142857146,4
10,227,73.28571428571429,4
10,244,59.714285714285715,4
10,157,62.857142857142854,4
10,161,58.142857142857146,4
10,167,53.857142857142854,4
10,160,64.71428571428571,4
10,370,63.57142857142857,4
10,174,55.714285714285715,4
10,175,66.28571428571429,4
10,173,59.42857142857143,4
10,280,54.285714285714285,4
10,163,61.57142857142857,4
10,356,0.0,4
10,357,60.57142857142857,4
10,384,60.285714285714285,4
10,383,0.0,4
10,379,66.57142857142857,4
10,162,0.0,4
10,382,60.857142857142854,4
10,222,55.142857142857146,4
10,184,60.714285714285715,4
10,311,0.0,4
10,245,0.0,4
10,183,0.0,4
10,138,0.0,4
10,166,71.14285714285714,4
10,246,77.14285714285714,4
10,259,56.714285714285715,4
10,295,61.285714285714285,4
10,363,53.0,4
10,137,55.42857142857143,4
10,172,0.0,4
10,139,61.714285714285715,4
10,153,55.857142857142854,4
10,257,0.0,4
10,132,54.857142857142854,4
10,115,67.14285714285714,4
10,247,66.0,4
10,143,57.714285714285715,4
10,369,58.57142857142857,4
10,220,59.857142857142854,4
10,105,63.714285714285715,4
10,106,66.14285714285714,4
10,129,64.71428571428571,4
10,144,66.71428571428571,4
10,150,60.142857142857146,4
10,372,62.57142857142857,4
10,381,64.57142857142857,4
10,159,64.42857142857143,4
10,190,57.285714285714285,4
10,192,55.714285714285715,4
10,337,68.85714285714286,4
10,201,65.0,4
10,226,65.57142857142857,4
10,209,64.57142857142857,4
10,242,62.285714285714285,4
10,237,65.71428571428571,4
10,376,62.714285714285715,4
10,253,64.85714285714286,4
10,254,57.57142857142857,4
10,255,67.14285714285714,4
10,262,61.57142857142857,4
10,216,59.142857142857146,4
10,127,69.85714285714286,4
10,273,68.14285714285714,4
10,285,56.42857142857143,4
10,312,68.28571428571429,4
10,198,0.0,4
10,195,69.0,4
10,263,56.142857142857146,4
10,271,57.42857142857143,4
10,315,57.42857142857143,4
10,346,68.28571428571429,4
10,276,65.57142857142857,4
10,385,56.57142857142857,4
10,359,54.714285714285715,4
10,116,54.142857142857146,4
10,189,43.285714285714285,4
10,260,53.857142857142854,4
10,185,0.0,4
10,104,57.142857142857146,4
10,149,56.857142857142854,4
10,188,56.0,4
10,191,54.57142857142857,4
10,347,57.142857142857146,4
10,200,50.42857142857143,4
10,241,58.42857142857143,4
10,277,57.857142857142854,4
10,261,63.714285714285715,4
10,126,54.42857142857143,4
10,140,0.0,4
10,197,0.0,4
10,284,52.285714285714285,4
10,316,52.42857142857143,4
10,368,44.857142857142854,4
10,112,68.42857142857143,4
10,211,63.857142857142854,4
10,358,64.85714285714286,4
10,128,71.14285714285714,4
10,270,59.42857142857143,4
10,386,64.0,4
10,134,0.0,4
10,131,64.28571428571429,4
10,274,63.142857142857146,4
10,219,61.714285714285715,4
10,136,69.42857142857143,4
10,168,64.85714285714286,4
10,340,70.42857142857143,4
10,307,56.57142857142857,4
10,214,57.714285714285715,4
10,206,63.57142857142857,4
10,269,58.57142857142857,4
10,249,0.0,4
10,121,56.285714285714285,4
10,323,59.857142857142854,4
10,123,59.42857142857143,4
10,147,56.42857142857143,4
10,256,67.0,4
10,205,60.57142857142857,4
10,151,59.857142857142854,4
10,202,69.57142857142857,4
10,240,60.714285714285715,4
10,225,64.14285714285714,4
10,239,63.142857142857146,4
10,318,0.0,4
10,343,56.714285714285715,4
10,187,53.714285714285715,4
10,199,51.0,4
10,367,62.857142857142854,4
10,243,72.85714285714286,4
10,152,67.85714285714286,4
10,350,60.57142857142857,4
10,333,0.0,4
10,283,0.0,4
10,154,0.0,4
10,354,59.285714285714285,4
10,374,71.85714285714286,4
10,113,63.0,4
10,221,53.142857142857146,4
10,327,56.714285714285715,4
10,353,0.0,4
10,373,66.42857142857143,4
10,108,59.57142857142857,4
10,328,56.57142857142857,4
10,210,60.42857142857143,4
10,135,48.142857142857146,4
10,145,52.285714285714285,4
10,203,54.857142857142854,4
10,224,46.285714285714285,4
10,238,0.0,4
10,288,53.285714285714285,4
10,287,57.142857142857146,4
10,351,46.857142857142854,4
10,213,63.42857142857143,4
10,212,54.857142857142854,4
10,250,0.0,4
10,335,49.57142857142857,4
10,344,56.857142857142854,4
10,164,62.857142857142854,4
10,258,55.0,4
10,118,70.0,4
10,196,69.85714285714286,4
10,107,65.57142857142857,4
10,133,67.85714285714286,4
10,215,68.42857142857143,4
10,124,63.285714285714285,4
10,146,60.57142857142857,4
10,204,64.14285714285714,4
10,324,64.71428571428571,4
10,114,70.0,4
10,119,66.57142857142857,4
10,186,53.714285714285715,4
10,223,60.285714285714285,4
10,326,57.42857142857143,4
10,334,66.85714285714286,4
10,355,62.57142857142857,4
10,352,0.0,4
10,229,64.57142857142857,4
10,292,72.0,4
10,148,62.57142857142857,4
10,178,66.14285714285714,4
10,301,69.0,4
10,302,65.28571428571429,4
10,330,67.85714285714286,4
10,177,0.0,4
10,182,57.714285714285715,4
10,300,66.57142857142857,4
10,313,62.42857142857143,4
10,320,70.0,4
10,110,60.57142857142857,4
10,325,62.0,4
10,294,68.0,4
10,251,60.42857142857143,4
10,319,67.42857142857143,4
10,336,59.142857142857146,4
10,341,66.28571428571429,4
10,345,60.57142857142857,4
10,361,61.285714285714285,4
10,207,57.142857142857146,4
10,371,0.0,4
10,120,74.28571428571429,4
10,275,69.42857142857143,4
10,377,57.857142857142854,4
10,342,69.42857142857143,4
10,102,64.85714285714286,4
10,103,77.0,4
10,169,70.14285714285714,4
10,155,74.85714285714286,4
10,289,72.85714285714286,4
10,290,70.71428571428571,4
10,291,66.85714285714286,4
10,125,64.42857142857143,4
10,111,64.0,4
10,141,0.0,4
10,179,56.42857142857143,4
10,194,0.0,4
10,208,56.42857142857143,4
10,217,57.714285714285715,4
10,282,73.14285714285714,4
10,293,64.85714285714286,4
10,310,53.0,4
10,322,60.714285714285715,4
10,332,70.28571428571429,4
10,339,65.57142857142857,4
10,321,0.0,4
10,109,69.42857142857143,4
10,236,73.28571428571429,4
10,375,65.42857142857143,4
10,317,70.85714285714286,4
10,329,68.71428571428571,4
10,362,71.28571428571429,4
10,298,67.57142857142857,4
10,303,0.0,4
10,309,0.0,4
10,364,0.0,4
10,101,62.285714285714285,4
10,176,57.57142857142857,4
10,231,0.0,4
10,279,65.71428571428571,4
10,304,51.0,4
10,265,57.0,4
10,170,48.142857142857146,4
10,171,40.714285714285715,4
10,235,0.0,4
10,264,56.714285714285715,4
10,234,0.0,4
10,142,52.142857142857146,4
10,180,54.142857142857146,4
10,286,53.57142857142857,4
10,338,54.857142857142854,4
10,252,57.42857142857143,4
10,267,0.0,4
10,193,0.0,4
10,306,0.0,4
10,181,69.85714285714286,4
10,314,57.142857142857146,4
10,331,68.57142857142857,4
10,366,55.42857142857143,4
10,378,53.857142857142854,4
10,296,45.42857142857143,4
10,248,62.285714285714285,4
10,268,0.0,4
10,299,54.857142857142854,4
10,305,64.71428571428571,4
10,233,56.714285714285715,4
10,230,0.0,4
10,281,58.714285714285715,4
10,297,45.42857142857143,4
10,308,59.0,4
10,228,0.0,4
10,122,61.0,4
10,218,52.714285714285715,4
10,365,65.0,4
10,232,0.0,4
10,272,64.14285714285714,4
10,349,50.0,4
10,360,57.714285714285715,4
10,348,66.85714285714286,4
3,158,80.2,4
3,117,82.8,4
3,130,72.2,4
3,266,77.2,4
3,278,79.8,4
3,156,64.4,4
3,380,66.4,4
3,165,61.0,4
3,227,73.0,4
3,244,58.4,4
3,157,60.2,4
3,161,57.4,4
3,167,54.8,4
3,160,61.2,4
3,370,63.6,4
3,174,58.6,4
3,175,63.0,4
3,173,54.2,4
3,280,53.0,4
3,163,57.6,4
3,356,0.0,4
3,357,58.4,4
3,384,56.6,4
3,383,0.0,4
3,379,67.0,4
3,162,0.0,4
3,382,67.4,4
3,222,61.6,4
3,184,62.8,4
3,311,0.0,4
3,245,0.0,4
3,183,0.0,4
3,138,0.0,4
3,166,72.8,4
3,246,83.2,4
3,259,58.8,4
3,295,64.0,4
3,363,56.8,4
3,137,63.4,4
3,172,0.0,4
3,139,59.6,4
3,153,66.4,4
3,257,0.0,4
3,132,51.4,4
3,115,71.6,4
3,247,68.8,4
3,143,61.6,4
3,369,65.4,4
3,220,64.2,4
3,105,62.8,4
3,106,66.2,4
3,129,65.0,4
3,144,65.8,4
3,150,68.8,4
3,372,69.0,4
3,381,64.6,4
3,159,62.8,4
3,190,61.0,4
3,192,59.6,4
3,337,65.2,4
3,201,64.8,4
3,226,67.2,4
3,209,66.6,4
3,242,64.2,4
3,237,62.8,4
3,376,62.6,4
3,253,63.8,4
3,254,64.2,4
3,255,69.6,4
3,262,66.0,4
3,216,60.8,4
3,127,69.4,4
3,273,70.2,4
3,285,51.8,4
3,312,72.4,4
3,198,0.0,4
3,195,67.2,4
3,263,61.6,4
3,271,59.8,4
3,315,57.6,4
3,346,65.4,4
3,276,65.4,4
3,385,66.8,4
3,359,57.6,4
3,116,59.4,4
3,189,51.6,4
3,260,56.8,4
3,185,0.0,4
3,104,60.0,4
3,149,55.4,4
3,188,62.8,4
3,191,54.6,4
3,347,60.2,4
3,200,55.6,4
3,241,64.6,4
3,277,56.6,4
3,261,65.0,4
3,126,53.8,4
3,140,0.0,4
3,197,0.0,4
3,284,59.2,4
3,316,51.0,4
3,368,55.8,4
3,112,66.4,4
3,211,61.2,4
3,358,69.2,4
3,128,68.2,4
3,270,61.4,4
3,386,69.4,4
3,134,0.0,4
3,131,76.6,4
3,274,63.0,4
3,219,65.2,4
3,136,72.8,4
3,168,65.4,4
3,340,73.4,4
3,307,63.6,4
3,214,67.8,4
3,206,69.0,4
3,269,63.0,4
3,249,0.0,4
3,121,68.2,4
3,323,64.6,4
3,123,62.6,4
3,147,58.8,4
3,256,66.8,4
3,205,64.2,4
3,151,61.6,4
3,202,70.4,4
3,240,58.8,4
3,225,65.6,4
3,239,63.0,4
3,318,0.0,4
3,343,59.2,4
3,187,58.6,4
3,199,55.6,4
3,367,65.0,4
3,243,75.4,4
3,152,65.4,4
3,350,63.4,4
3,333,0.0,4
3,283,0.0,4
3,154,0.0,4
3,354,64.2,4
3,374,69.2,4
3,113,65.8,4
3,221,59.8,4
3,327,62.0,4
3,353,0.0,4
3,373,66.2,4
3,108,64.6,4
3,328,59.4,4
3,210,58.8,4
3,135,53.0,4
3,145,54.4,4
3,203,58.0,4
3,224,54.0,4
3,238,0.0,4
3,288,54.0,4
3,287,60.6,4
3,351,59.6,4
3,213,70.2,4
3,212,57.4,4
3,250,0.0,4
3,335,53.4,4
3,344,58.4,4
3,164,75.6,4
3,258,63.8,4
3,118,77.8,4
3,196,74.0,4
3,107,81.2,4
3,133,77.2,4
3,215,82.2,4
3,124,71.0,4
3,146,69.4,4
3,204,75.4,4
3,324,68.4,4
3,114,76.6,4
3,119,73.4,4
3,186,59.8,4
3,223,71.0,4
3,326,69.4,4
3,334,77.4,4
3,355,65.6,4
3,352,0.0,4
3,229,66.4,4
3,292,78.0,4
3,148,73.2,4
3,178,80.0,4
3,301,82.2,4
3,302,79.0,4
3,330,80.6,4
3,177,0.0,4
3,182,59.8,4
3,300,73.4,4
3,313,71.8,4
3,320,68.6,4
3,110,68.0,4
3,325,70.6,4
3,294,66.6,4
3,251,63.6,4
3,319,75.2,4
3,336,64.8,4
3,341,78.8,4
3,345,68.0,4
3,361,61.6,4
3,207,62.4,4
3,371,0.0,4
3,120,66.2,4
3,275,63.2,4
3,377,71.4,4
3,342,76.6,4
3,102,73.6,4
3,103,74.2,4
3,169,71.0,4
3,155,79.4,4
3,289,79.4,4
3,290,73.2,4
3,291,72.2,4
3,125,67.0,4
3,111,72.8,4
3,141,0.0,4
3,179,77.6,4
3,194,0.0,4
3,208,60.8,4
3,217,66.8,4
3,282,78.6,4
3,293,71.2,4
3,310,74.8,4
3,322,64.0,4
3,332,70.6,4
3,339,69.2,4
3,321,0.0,4
3,109,74.8,4
3,236,72.6,4
3,375,71.2,4
3,317,83.2,4
3,329,77.0,4
3,362,76.2,4
3,298,76.0,4
3,303,0.0,4
3,309,0.0,4
3,364,0.0,4
3,101,57.8,4
3,176,63.4,4
3,231,0.0,4
3,279,61.2,4
3,304,62.8,4
3,265,66.6,4
3,170,53.6,4
3,171,54.4,4
3,235,0.0,4
3,264,63.6,4
3,234,0.0,4
3,142,58.2,4
3,180,64.0,4
3,286,70.4,4
3,338,62.2,4
3,252,61.8,4
3,267,0.0,4
3,193,0.0,4
3,306,0.0,4
3,181,75.0,4
3,314,59.6,4
3,331,67.4,4
3,366,68.0,4
3,378,62.6,4
3,296,58.4,4
3,248,73.2,4
3,268,0.0,4
3,299,57.0,4
3,305,68.8,4
3,233,60.4,4
3,230,0.0,4
3,281,65.2,4
3,297,61.6,4
3,308,61.8,4
3,228,0.0,4
3,122,59.6,4
3,218,54.0,4
3,365,68.6,4
3,232,0.0,4
3,272,68.0,4
3,349,58.4,4
3,360,64.2,4
3,348,62.0,4
15,158,90.0,4
15,117,89.0,4
15,130,77.0,4
15,266,87.0,4
15,278,76.0,4
15,156,91.0,4
15,380,76.0,4
15,165,80.0,4
15,227,82.0,4
15,244,83.0,4
15,157,86.0,4
15,161,93.0,4
15,167,97.0,4
15,160,68.0,4
15,370,88.0,4
15,174,86.0,4
15,175,78.0,4
15,173,61.0,4
15,280,87.0,4
15,163,79.0,4
15,356,0.0,4
15,357,79.0,4
15,384,72.0,4
15,383,0.0,4
15,379,87.0,4
15,162,0.0,4
15,382,65.0,4
15,222,67.0,4
15,184,70.0,4
15,311,0.0,4
15,245,0.0,4
15,183,0.0,4
15,138,0.0,4
15,166,78.0,4
15,246,89.0,4
15,259,66.0,4
15,295,67.0,4
15,363,70.0,4
15,137,68.0,4
15,172,0.0,4
15,139,70.0,4
15,153,81.0,4
15,257,0.0,4
15,132,72.0,4
15,115,89.0,4
15,247,87.0,4
15,143,80.0,4
15,369,78.0,4
15,220,76.0,4
15,105,81.0,4
15,106,76.0,4
15,129,76.0,4
15,144,74.0,4
15,150,80.0,4
15,372,81.0,4
15,381,79.0,4
15,159,74.0,4
15,190,78.0,4
15,192,76.0,4
15,337,84.0,4
15,201,75.0,4
15,226,82.0,4
15,209,79.0,4
15,242,88.0,4
15,237,79.0,4
15,376,78.0,4
15,253,81.0,4
15,254,77.0,4
15,255,72.0,4
15,262,86.0,4
15,216,70.0,4
15,127,82.0,4
15,273,74.0,4
15,285,75.0,4
15,312,89.0,4
15,198,0.0,4
15,195,84.0,4
15,263,86.0,4
15,271,73.0,4
15,315,84.0,4
15,346,74.0,4
15,276,72.0,4
15,385,67.0,4
15,359,70.0,4
15,116,75.0,4
15,189,78.0,4
15,260,68.0,4
15,185,0.0,4
15,104,76.0,4
15,149,89.0,4
15,188,76.0,4
15,191,83.0,4
15,347,73.0,4
15,200,86.0,4
15,241,88.0,4
15,277,74.0,4
15,261,92.0,4
15,126,80.0,4
15,140,0.0,4
15,197,0.0,4
15,284,80.0,4
15,316,56.0,4
15,368,76.0,4
15,112,84.0,4
15,211,84.0,4
15,358,74.0,4
15,128,69.0,4
15,270,72.0,4
15,386,81.0,4
15,134,0.0,4
15,131,68.0,4
15,274,67.0,4
15,219,67.0,4
15,136,84.0,4
15,168,83.0,4
15,340,90.0,4
15,307,83.0,4
15,214,73.0,4
15,206,76.0,4
15,269,92.0,4
15,249,0.0,4
15,121,67.0,4
15,323,60.0,4
15,123,69.0,4
15,147,81.0,4
15,256,63.0,4
15,205,81.0,4
15,151,78.0,4
15,202,80.0,4
15,240,64.0,4
15,225,69.0,4
15,239,73.0,4
15,318,0.0,4
15,343,68.0,4
15,187,59.0,4
15,199,46.0,4
15,367,77.0,4
15,243,82.0,4
15,152,91.0,4
15,350,85.0,4
15,333,0.0,4
15,283,0.0,4
15,154,0.0,4
15,354,71.0,4
15,374,76.0,4
15,113,78.0,4
15,221,74.0,4
15,327,73.0,4
15,353,0.0,4
15,373,81.0,4
15,108,84.0,4
15,328,78.0,4
15,210,76.0,4
15,135,79.0,4
15,145,73.0,4
15,203,79.0,4
15,224,65.0,4
15,238,0.0,4
15,288,83.0,4
15,287,85.0,4
15,351,67.0,4
15,213,85.0,4
15,212,74.0,4
15,250,0.0,4
15,335,75.0,4
15,344,76.0,4
15,164,87.0,4
15,258,83.0,4
15,118,82.0,4
15,196,81.0,4
15,107,79.0,4
15,133,85.0,4
15,215,87.0,4
15,124,82.0,4
15,146,83.0,4
15,204,82.0,4
15,324,85.0,4
15,114,82.0,4
15,119,87.0,4
15,186,81.0,4
15,223,84.0,4
15,326,78.0,4
15,334,84.0,4
15,355,81.0,4
15,352,0.0,4
15,229,94.0,4
15,292,91.0,4
15,148,100.0,4
15,178,94.0,4
15,301,96.0,4
15,302,99.0,4
15,330,92.0,4
15,177,0.0,4
15,182,90.0,4
15,300,94.0,4
15,313,97.0,4
15,320,98.0,4
15,110,82.0,4
15,325,92.0,4
15,294,96.0,4
15,251,83.0,4
15,319,99.0,4
15,336,99.0,4
15,341,93.0,4
15,345,96.0,4
15,361,96.0,4
15,207,96.0,4
15,371,0.0,4
15,120,90.0,4
15,275,92.0,4
15,377,97.0,4
15,342,97.0,4
15,102,95.0,4
15,103,90.0,4
15,169,95.0,4
15,155,87.0,4
15,289,92.0,4
15,290,98.0,4
15,291,94.0,4
15,125,93.0,4
15,111,95.0,4
15,141,0.0,4
15,179,97.0,4
15,194,0.0,4
15,208,100.0,4
15,217,90.0,4
15,282,98.0,4
15,293,100.0,4
15,310,99.0,4
15,322,78.0,4
15,332,87.0,4
15,339,81.0,4
15,321,0.0,4
15,109,100.0,4
15,236,96.0,4
15,375,93.0,4
15,317,91.0,4
15,329,85.0,4
15,362,99.0,4
15,298,100.0,4
15,303,0.0,4
15,309,0.0,4
15,364,0.0,4
15,101,84.0,4
15,176,99.0,4
15,231,0.0,4
15,279,90.0,4
15,304,96.0,4
15,265,88.0,4
15,170,61.0,4
15,171,59.0,4
15,235,0.0,4
15,264,86.0,4
15,234,0.0,4
15,142,99.0,4
15,180,96.0,4
15,286,96.0,4
15,338,97.0,4
15,252,85.0,4
15,267,0.0,4
15,193,0.0,4
15,306,0.0,4
15,181,95.0,4
15,314,96.0,4
15,331,91.0,4
15,366,92.0,4
15,378,92.0,4
15,296,98.0,4
15,248,96.0,4
15,268,0.0,4
15,299,95.0,4
15,305,97.0,4
15,233,92.0,4
15,230,0.0,4
15,281,94.0,4
15,297,91.0,4
15,308,100.0,4
15,228,0.0,4
15,122,97.0,4
15,218,89.0,4
15,365,94.0,4
15,232,0.0,4
15,272,88.0,4
15,349,89.0,4
15,360,93.0,4
15,348,91.0,4
7,158,73.0,4
7,117,74.0,4
7,130,72.0,4
7,266,73.0,4
7,278,79.0,4
7,156,81.0,4
7,380,75.0,4
7,165,69.0,4
7,227,76.0,4
7,244,75.0,4
7,157,74.0,4
7,161,70.0,4
7,167,70.0,4
7,160,76.0,4
7,370,70.0,4
7,174,75.0,4
7,175,70.0,4
7,173,76.0,4
7,280,74.0,4
7,163,86.0,4
7,356,0.0,4
7,357,70.0,4
7,384,69.0,4
7,383,0.0,4
7,379,80.0,4
7,162,0.0,4
7,382,78.0,4
7,222,71.0,4
7,184,68.0,4
7,311,0.0,4
7,245,0.0,4
7,183,0.0,4
7,138,0.0,4
7,166,81.0,4
7,246,76.0,4
7,259,86.0,4
7,295,83.0,4
7,363,75.0,4
7,137,72.0,4
7,172,0.0,4
7,139,74.0,4
7,153,74.0,4
7,257,0.0,4
7,132,76.0,4
7,115,78.0,4
7,247,73.0,4
7,143,66.0,4
7,369,71.0,4
7,220,68.0,4
7,105,77.0,4
7,106,75.0,4
7,129,83.0,4
7,144,81.0,4
7,150,69.0,4
7,372,71.0,4
7,381,74.0,4
7,159,73.0,4
7,190,80.0,4
7,192,80.0,4
7,337,79.0,4
7,201,68.0,4
7,226,73.0,4
7,209,66.0,4
7,242,80.0,4
7,237,72.0,4
7,376,65.0,4
7,253,71.0,4
7,254,76.0,4
7,255,82.0,4
7,262,73.0,4
7,216,72.0,4
7,127,74.0,4
7,273,71.0,4
7,285,68.0,4
7,312,73.0,4
7,198,0.0,4
7,195,74.0,4
7,263,64.0,4
7,271,73.0,4
7,315,74.0,4
7,346,82.0,4
7,276,81.0,4
7,385,81.0,4
7,359,68.0,4
7,116,68.0,4
7,189,73.0,4
7,260,69.0,4
7,185,0.0,4
7,104,59.0,4
7,149,71.0,4
7,188,71.0,4
7,191,81.0,4
7,347,67.0,4
7,200,67.0,4
7,241,72.0,4
7,277,73.0,4
7,261,64.0,4
7,126,70.0,4
7,140,0.0,4
7,197,0.0,4
7,284,68.0,4
7,316,70.0,4
7,368,68.0,4
7,112,82.0,4
7,211,77.0,4
7,358,74.0,4
7,128,90.0,4
7,270,74.0,4
7,386,70.0,4
7,134,0.0,4
7,131,85.0,4
7,274,84.0,4
7,219,86.0,4
7,136,62.0,4
7,168,72.0,4
7,340,62.0,4
7,307,77.0,4
7,214,65.0,4
7,206,77.0,4
7,269,79.0,4
7,249,0.0,4
7,121,90.0,4
7,323,87.0,4
7,123,75.0,4
7,147,69.0,4
7,256,78.0,4
7,205,71.0,4
7,151,74.0,4
7,202,71.0,4
7,240,72.0,4
7,225,75.0,4
7,239,76.0,4
7,318,0.0,4
7,343,78.0,4
7,187,88.0,4
7,199,86.0,4
7,367,75.0,4
7,243,91.0,4
7,152,77.0,4
7,350,84.0,4
7,333,0.0,4
7,283,0.0,4
7,154,0.0,4
7,354,93.0,4
7,374,79.0,4
7,113,81.0,4
7,221,79.0,4
7,327,83.0,4
7,353,0.0,4
7,373,75.0,4
7,108,83.0,4
7,328,70.0,4
7,210,64.0,4
7,135,66.0,4
7,145,60.0,4
7,203,69.0,4
7,224,63.0,4
7,238,0.0,4
7,288,61.0,4
7,287,62.0,4
7,351,81.0,4
7,213,73.0,4
7,212,78.0,4
7,250,0.0,4
7,335,74.0,4
7,344,75.0,4
7,164,86.0,4
7,258,73.0,4
7,118,85.0,4
7,196,80.0,4
7,107,88.0,4
7,133,92.0,4
7,215,95.0,4
7,124,80.0,4
7,146,75.0,4
7,204,87.0,4
7,324,79.0,4
7,114,91.0,4
7,119,87.0,4
7,186,90.0,4
7,223,84.0,4
7,326,88.0,4
7,334,95.0,4
7,355,89.0,4
7,352,0.0,4
7,229,81.0,4
7,292,83.0,4
7,148,71.0,4
7,178,75.0,4
7,301,91.0,4
7,302,77.0,4
7,330,87.0,4
7,177,0.0,4
7,182,67.0,4
7,300,73.0,4
7,313,79.0,4
7,320,85.0,4
7,110,88.0,4
7,325,82.0,4
7,294,76.0,4
7,251,70.0,4
7,319,77.0,4
7,336,74.0,4
7,341,71.0,4
7,345,73.0,4
7,361,81.0,4
7,207,73.0,4
7,371,0.0,4
7,120,70.0,4
7,275,80.0,4
7,377,78.0,4
7,342,75.0,4
7,102,81.0,4
7,103,83.0,4
7,169,78.0,4
7,155,83.0,4
7,289,89.0,4
7,290,76.0,4
7,291,83.0,4
7,125,76.0,4
7,111,87.0,4
7,141,0.0,4
7,179,83.0,4
7,194,0.0,4
7,208,97.0,4
7,217,86.0,4
7,282,81.0,4
7,293,95.0,4
7,310,84.0,4
7,322,86.0,4
7,332,80.0,4
7,339,81.0,4
7,321,0.0,4
7,109,88.0,4
7,236,78.0,4
7,375,97.0,4
7,317,89.0,4
7,329,80.0,4
7,362,86.0,4
7,298,90.0,4
7,303,0.0,4
7,309,0.0,4
7,364,0.0,4
7,101,56.0,4
7,176,73.0,4
7,231,0.0,4
7,279,84.0,4
7,304,74.0,4
7,265,72.0,4
7,170,68.0,4
7,171,66.0,4
7,235,0.0,4
7,264,74.0,4
7,234,0.0,4
7,142,75.0,4
7,180,82.0,4
7,286,70.0,4
7,338,70.0,4
7,252,70.0,4
7,267,0.0,4
7,193,0.0,4
7,306,0.0,4
7,181,83.0,4
7,314,72.0,4
7,331,65.0,4
7,366,75.0,4
7,378,75.0,4
7,296,74.0,4
7,248,79.0,4
7,268,0.0,4
7,299,66.0,4
7,305,70.0,4
7,233,82.0,4
7,230,0.0,4
7,281,71.0,4
7,297,67.0,4
7,308,83.0,4
7,228,0.0,4
7,122,74.0,4
7,218,69.0,4
7,365,83.0,4
7,232,0.0,4
7,272,70.0,4
7,349,79.0,4
7,360,78.0,4
7,348,74.0,4
14,158,67.2,4
14,117,74.6,4
14,130,67.2,4
14,266,61.0,4
14,278,65.2,4
14,156,53.4,4
14,380,59.6,4
14,165,48.0,4
14,227,61.4,4
14,244,48.8,4
14,157,52.8,4
14,161,56.4,4
14,167,56.6,4
14,160,59.4,4
14,370,62.2,4
14,174,44.4,4
14,175,51.2,4
14,173,40.8,4
14,280,50.4,4
14,163,41.6,4
14,356,0.0,4
14,357,43.6,4
14,384,46.4,4
14,383,0.0,4
14,379,54.2,4
14,162,0.0,4
14,382,53.4,4
14,222,49.6,4
14,184,51.0,4
14,311,0.0,4
14,245,0.0,4
14,183,0.0,4
14,138,0.0,4
14,166,63.6,4
14,246,72.2,4
14,259,38.6,4
14,295,47.0,4
14,363,36.2,4
14,137,45.4,4
14,172,0.0,4
14,139,44.2,4
14,153,48.8,4
14,257,0.0,4
14,132,50.2,4
14,115,70.4,4
14,247,70.6,4
14,143,54.8,4
14,369,69.6,4
14,220,60.2,4
14,105,57.6,4
14,106,70.4,4
14,129,61.2,4
14,144,61.0,4
14,150,71.8,4
14,372,72.8,4
14,381,64.8,4
14,159,58.0,4
14,190,64.6,4
14,192,62.2,4
14,337,63.0,4
14,201,65.4,4
14,226,60.8,4
14,209,68.8,4
14,242,64.2,4
14,237,54.8,4
14,376,54.8,4
14,253,64.0,4
14,254,64.2,4
14,255,58.8,4
14,262,66.8,4
14,216,53.6,4
14,127,68.4,4
14,273,63.4,4
14,285,56.8,4
14,312,65.4,4
14,198,0.0,4
14,195,62.6,4
14,263,63.8,4
14,271,60.8,4
14,315,52.6,4
14,346,64.8,4
14,276,57.2,4
14,385,58.4,4
14,359,63.6,4
14,116,59.0,4
14,189,57.2,4
14,260,56.6,4
14,185,0.0,4
14,104,63.8,4
14,149,62.6,4
14,188,61.0,4
14,191,58.2,4
14,347,58.0,4
14,200,55.2,4
14,241,65.6,4
14,277,54.8,4
14,261,67.6,4
14,126,56.4,4
14,140,0.0,4
14,197,0.0,4
14,284,60.6,4
14,316,55.6,4
14,368,56.0,4
14,112,59.6,4
14,211,54.2,4
14,358,54.2,4
14,128,64.0,4
14,270,54.8,4
14,386,61.0,4
14,134,0.0,4
14,131,57.0,4
14,274,51.0,4
14,219,50.0,4
14,136,67.4,4
14,168,62.0,4
14,340,59.0,4
14,307,52.8,4
14,214,59.4,4
14,206,46.0,4
14,269,50.2,4
14,249,0.0,4
14,121,48.4,4
14,323,48.0,4
14,123,48.0,4
14,147,55.2,4
14,256,55.4,4
14,205,53.6,4
14,151,46.2,4
14,202,56.8,4
14,240,45.0,4
14,225,53.4,4
14,239,48.6,4
14,318,0.0,4
14,343,46.6,4
14,187,37.8,4
14,199,32.8,4
14,367,48.6,4
14,243,58.4,4
14,152,44.6,4
14,350,39.2,4
14,333,0.0,4
14,283,0.0,4
14,154,0.0,4
14,354,41.4,4
14,374,52.0,4
14,113,49.2,4
14,221,44.2,4
14,327,36.8,4
14,353,0.0,4
14,373,60.4,4
14,108,59.0,4
14,328,55.0,4
14,210,54.6,4
14,135,43.0,4
14,145,55.4,4
14,203,58.0,4
14,224,51.0,4
14,238,0.0,4
14,288,55.4,4
14,287,58.2,4
14,351,38.4,4
14,213,63.4,4
14,212,53.4,4
14,250,0.0,4
14,335,47.2,4
14,344,51.6,4
14,164,53.0,4
14,258,38.2,4
14,118,58.2,4
14,196,54.0,4
14,107,57.0,4
14,133,55.4,4
14,215,51.2,4
14,124,48.0,4
14,146,50.4,4
14,204,53.2,4
14,324,49.8,4
14,114,47.8,4
14,119,49.0,4
14,186,34.0,4
14,223,45.0,4
14,326,40.8,4
14,334,44.6,4
14,355,41.2,4
14,352,0.0,4
14,229,51.6,4
14,292,58.0,4
14,148,64.0,4
14,178,71.4,4
14,301,68.0,4
14,302,73.8,4
14,330,72.6,4
14,177,0.0,4
14,182,44.8,4
14,300,61.4,4
14,313,65.8,4
14,320,58.6,4
14,110,53.4,4
14,325,62.6,4
14,294,52.4,4
14,251,41.0,4
14,319,58.4,4
14,336,64.4,4
14,341,54.8,4
14,345,58.6,4
14,361,41.6,4
14,207,45.2,4
14,371,0.0,4
14,120,48.2,4
14,275,41.6,4
14,377,56.2,4
14,342,57.8,4
14,102,61.6,4
14,103,50.8,4
14,169,57.6,4
14,155,60.2,4
14,289,63.0,4
14,290,57.2,4
14,291,55.8,4
14,125,61.4,4
14,111,61.8,4
14,141,0.0,4
14,179,60.2,4
14,194,0.0,4
14,208,54.6,4
14,217,52.2,4
14,282,64.8,4
14,293,62.2,4
14,310,61.8,4
14,322,64.6,4
14,332,53.0,4
14,339,67.0,4
14,321,0.0,4
14,109,66.6,4
14,236,65.8,4
14,375,61.2,4
14,317,64.4,4
14,329,59.8,4
14,362,70.4,4
14,298,67.8,4
14,303,0.0,4
14,309,0.0,4
14,364,0.0,4
14,101,52.4,4
14,176,52.2,4
14,231,0.0,4
14,279,52.0,4
14,304,46.2,4
14,265,60.8,4
14,170,57.4,4
14,171,44.8,4
14,235,0.0,4
14,264,46.2,4
14,234,0.0,4
14,142,54.4,4
14,180,50.2,4
14,286,57.2,4
14,338,51.4,4
14,252,56.2,4
14,267,0.0,4
14,193,0.0,4
14,306,0.0,4
14,181,63.2,4
14,314,55.2,4
14,331,57.6,4
14,366,66.2,4
14,378,56.8,4
14,296,50.0,4
14,248,58.8,4
14,268,0.0,4
14,299,53.6,4
14,305,67.6,4
14,233,58.6,4
14,230,0.0,4
14,281,54.8,4
14,297,48.4,4
14,308,55.0,4
14,228,0.0,4
14,122,56.2,4
14,218,41.6,4
14,365,59.4,4
14,232,0.0,4
14,272,58.2,4
14,349,45.0,4
14,360,62.2,4
14,348,59.6,4
16,158,41.333333333333336,4
16,117,67.33333333333333,4
16,130,45.0,4
16,266,58.333333333333336,4
16,278,57.333333333333336,4
16,156,55.666666666666664,4
16,380,62.666666666666664,4
16,165,37.0,4
16,227,59.333333333333336,4
16,244,39.666666666666664,4
16,157,57.333333333333336,4
16,161,42.0,4
16,167,44.0,4
16,160,40.666666666666664,4
16,370,58.0,4
16,174,38.0,4
16,175,36.333333333333336,4
16,173,23.0,4
16,280,26.666666666666668,4
16,163,30.666666666666668,4
16,356,0.0,4
16,357,20.666666666666668,4
16,384,36.0,4
16,383,0.0,4
16,379,28.333333333333332,4
16,162,0.0,4
16,382,41.666666666666664,4
16,222,51.666666666666664,4
16,184,44.333333333333336,4
16,311,0.0,4
16,245,0.0,4
16,183,0.0,4
16,138,0.0,4
16,166,45.0,4
16,246,60.666666666666664,4
16,259,37.333333333333336,4
16,295,38.0,4
16,363,37.0,4
16,137,44.333333333333336,4
16,172,0.0,4
16,139,29.666666666666668,4
16,153,43.666666666666664,4
16,257,0.0,4
16,132,36.333333333333336,4
16,115,65.0,4
16,247,73.66666666666667,4
16,143,74.0,4
16,369,70.33333333333333,4
16,220,59.333333333333336,4
16,105,41.333333333333336,4
16,106,64.0,4
16,129,41.666666666666664,4
16,144,36.666666666666664,4
16,150,63.333333333333336,4
16,372,67.0,4
16,381,60.333333333333336,4
16,159,36.333333333333336,4
16,190,47.333333333333336,4
16,192,45.666666666666664,4
16,337,58.333333333333336,4
16,201,61.0,4
16,226,55.0,4
16,209,57.666666666666664,4
16,242,46.333333333333336,4
16,237,53.666666666666664,4
16,376,47.666666666666664,4
16,253,31.0,4
16,254,49.0,4
16,255,51.333333333333336,4
16,262,44.0,4
16,216,36.0,4
16,127,52.666666666666664,4
16,273,43.666666666666664,4
16,285,40.333333333333336,4
16,312,47.666666666666664,4
16,198,0.0,4
16,195,60.0,4
16,263,40.333333333333336,4
16,271,44.0,4
16,315,37.666666666666664,4
16,346,42.0,4
16,276,44.666666666666664,4
16,385,46.0,4
16,359,51.0,4
16,116,46.333333333333336,4
16,189,37.0,4
16,260,36.333333333333336,4
16,185,0.0,4
16,104,44.333333333333336,4
16,149,61.666666666666664,4
16,188,44.666666666666664,4
16,191,30.333333333333332,4
16,347,34.666666666666664,4
16,200,52.333333333333336,4
16,241,38.0,4
16,277,37.666666666666664,4
16,261,59.333333333333336,4
16,126,39.666666666666664,4
16,140,0.0,4
16,197,0.0,4
16,284,49.666666666666664,4
16,316,30.666666666666668,4
16,368,42.333333333333336,4
16,112,67.33333333333333,4
16,211,49.333333333333336,4
16,358,62.666666666666664,4
16,128,35.333333333333336,4
16,270,39.333333333333336,4
16,386,72.33333333333333,4
16,134,0.0,4
16,131,44.333333333333336,4
16,274,39.333333333333336,4
16,219,40.0,4
16,136,63.666666666666664,4
16,168,78.66666666666667,4
16,340,81.0,4
16,307,85.0,4
16,214,67.66666666666667,4
16,206,63.0,4
16,269,26.333333333333332,4
16,249,0.0,4
16,121,46.333333333333336,4
16,323,41.666666666666664,4
16,123,60.333333333333336,4
16,147,41.666666666666664,4
16,256,39.0,4
16,205,66.0,4
16,151,57.333333333333336,4
16,202,68.0,4
16,240,48.0,4
16,225,56.333333333333336,4
16,239,55.0,4
16,318,0.0,4
16,343,45.0,4
16,187,43.0,4
16,199,44.333333333333336,4
16,367,54.333333333333336,4
16,243,61.0,4
16,152,66.0,4
16,350,52.666666666666664,4
16,333,0.0,4
16,283,0.0,4
16,154,0.0,4
16,354,53.666666666666664,4
16,374,84.33333333333333,4
16,113,58.333333333333336,4
16,221,51.0,4
16,327,53.0,4
16,353,0.0,4
16,373,79.0,4
16,108,50.333333333333336,4
16,328,56.666666666666664,4
16,210,50.666666666666664,4
16,135,33.0,4
16,145,32.0,4
16,203,66.33333333333333,4
16,224,37.333333333333336,4
16,238,0.0,4
16,288,26.0,4
16,287,37.0,4
16,351,47.333333333333336,4
16,213,68.33333333333333,4
16,212,71.33333333333333,4
16,250,0.0,4
16,335,16.333333333333332,4
16,344,41.333333333333336,4
16,164,54.666666666666664,4
16,258,52.0,4
16,118,60.666666666666664,4
16,196,41.666666666666664,4
16,107,63.0,4
16,133,55.666666666666664,4
16,215,66.33333333333333,4
16,124,55.333333333333336,4
16,146,44.0,4
16,204,49.666666666666664,4
16,324,57.666666666666664,4
16,114,64.0,4
16,119,58.0,4
16,186,51.0,4
16,223,56.0,4
16,326,54.0,4
16,334,64.33333333333333,4
16,355,44.333333333333336,4
16,352,0.0,4
16,229,67.0,4
16,292,73.66666666666667,4
16,148,68.66666666666667,4
16,178,79.33333333333333,4
16,301,82.0,4
16,302,78.66666666666667,4
16,330,82.66666666666667,4
16,177,0.0,4
16,182,65.66666666666667,4
16,300,77.33333333333333,4
16,313,78.33333333333333,4
16,320,78.0,4
16,110,60.0,4
16,325,73.0,4
16,294,66.0,4
16,251,65.33333333333333,4
16,319,78.66666666666667,4
16,336,69.0,4
16,341,69.33333333333333,4
16,345,62.666666666666664,4
16,361,58.666666666666664,4
16,207,70.33333333333333,4
16,371,0.0,4
16,120,60.666666666666664,4
16,275,63.0,4
16,377,76.66666666666667,4
16,342,71.66666666666667,4
16,102,73.33333333333333,4
16,103,70.66666666666667,4
16,169,74.66666666666667,4
16,155,71.0,4
16,289,66.33333333333333,4
16,290,75.66666666666667,4
16,291,76.0,4
16,125,89.0,4
16,111,61.333333333333336,4
16,141,0.0,4
16,179,76.33333333333333,4
16,194,0.0,4
16,208,80.0,4
16,217,70.0,4
16,282,74.66666666666667,4
16,293,71.66666666666667,4
16,310,72.33333333333333,4
16,322,41.666666666666664,4
16,332,61.0,4
16,339,69.66666666666667,4
16,321,0.0,4
16,109,79.33333333333333,4
16,236,72.0,4
16,375,71.33333333333333,4
16,317,79.33333333333333,4
16,329,76.66666666666667,4
16,362,74.0,4
16,298,80.66666666666667,4
16,303,0.0,4
16,309,0.0,4
16,364,0.0,4
16,101,61.666666666666664,4
16,176,72.66666666666667,4
16,231,0.0,4
16,279,74.33333333333333,4
16,304,70.0,4
16,265,59.333333333333336,4
16,170,26.666666666666668,4
16,171,30.666666666666668,4
16,235,0.0,4
16,264,46.333333333333336,4
16,234,0.0,4
16,142,64.0,4
16,180,69.0,4
16,286,72.33333333333333,4
16,338,75.33333333333333,4
16,252,67.66666666666667,4
16,267,0.0,4
16,193,0.0,4
16,306,0.0,4
16,181,60.0,4
16,314,66.33333333333333,4
16,331,66.66666666666667,4
16,366,53.666666666666664,4
16,378,70.66666666666667,4
16,296,76.0,4
16,248,58.0,4
16,268,0.0,4
16,299,79.33333333333333,4
16,305,72.66666666666667,4
16,233,83.0,4
16,230,0.0,4
16,281,65.33333333333333,4
16,297,70.0,4
16,308,79.66666666666667,4
16,228,0.0,4
16,122,57.0,4
16,218,76.0,4
16,365,65.33333333333333,4
16,232,0.0,4
16,272,76.66666666666667,4
16,349,53.0,4
16,360,75.0,4
16,348,75.33333333333333,4
9,158,71.25,4
9,117,71.5,4
9,130,79.5,4
9,266,74.75,4
9,278,78.75,4
9,156,55.25,4
9,380,74.5,4
9,165,68.0,4
9,227,75.25,4
9,244,69.5,4
9,157,83.5,4
9,161,60.75,4
9,167,53.0,4
9,160,76.25,4
9,370,72.5,4
9,174,68.25,4
9,175,72.25,4
9,173,73.25,4
9,280,61.25,4
9,163,78.25,4
9,356,0.0,4
9,357,66.75,4
9,384,64.5,4
9,383,0.0,4
9,379,63.75,4
9,162,0.0,4
9,382,65.5,4
9,222,80.25,4
9,184,67.5,4
9,311,0.0,4
9,245,0.0,4
9,183,0.0,4
9,138,0.0,4
9,166,82.5,4
9,246,79.25,4
9,259,78.25,4
9,295,83.75,4
9,363,82.25,4
9,137,73.25,4
9,172,0.0,4
9,139,78.25,4
9,153,69.75,4
9,257,0.0,4
9,132,80.5,4
9,115,66.25,4
9,247,64.25,4
9,143,72.0,4
9,369,75.0,4
9,220,82.5,4
9,105,77.25,4
9,106,74.5,4
9,129,81.25,4
9,144,82.5,4
9,150,67.5,4
9,372,74.25,4
9,381,71.25,4
9,159,77.75,4
9,190,68.5,4
9,192,68.25,4
9,337,65.0,4
9,201,74.75,4
9,226,71.25,4
9,209,72.5,4
9,242,68.0,4
9,237,72.25,4
9,376,79.5,4
9,253,72.5,4
9,254,66.25,4
9,255,75.25,4
9,262,67.25,4
9,216,68.25,4
9,127,78.0,4
9,273,77.25,4
9,285,72.5,4
9,312,77.0,4
9,198,0.0,4
9,195,77.5,4
9,263,56.75,4
9,271,67.0,4
9,315,73.0,4
9,346,72.0,4
9,276,80.0,4
9,385,71.75,4
9,359,60.0,4
9,116,59.0,4
9,189,48.0,4
9,260,56.25,4
9,185,0.0,4
9,104,67.5,4
9,149,70.75,4
9,188,63.5,4
9,191,55.75,4
9,347,61.0,4
9,200,54.5,4
9,241,57.0,4
9,277,69.5,4
9,261,81.25,4
9,126,61.5,4
9,140,0.0,4
9,197,0.0,4
9,284,63.75,4
9,316,59.25,4
9,368,59.75,4
9,112,82.75,4
9,211,72.0,4
9,358,79.75,4
9,128,90.75,4
9,270,75.75,4
9,386,79.0,4
9,134,0.0,4
9,131,81.25,4
9,274,77.75,4
9,219,78.25,4
9,136,83.75,4
9,168,65.75,4
9,340,69.25,4
9,307,55.25,4
9,214,68.0,4
9,206,86.0,4
9,269,74.5,4
9,249,0.0,4
9,121,85.5,4
9,323,79.0,4
9,123,79.5,4
9,147,76.75,4
9,256,81.25,4
9,205,73.5,4
9,151,74.25,4
9,202,73.5,4
9,240,84.25,4
9,225,77.75,4
9,239,80.75,4
9,318,0.0,4
9,343,78.25,4
9,187,81.25,4
9,199,82.25,4
9,367,84.25,4
9,243,77.25,4
9,152,62.25,4
9,350,48.25,4
9,333,0.0,4
9,283,0.0,4
9,154,0.0,4
9,354,79.25,4
9,374,75.75,4
9,113,83.5,4
9,221,81.5,4
9,327,76.5,4
9,353,0.0,4
9,373,77.0,4
9,108,72.0,4
9,328,70.5,4
9,210,75.0,4
9,135,74.25,4
9,145,67.75,4
9,203,65.75,4
9,224,62.5,4
9,238,0.0,4
9,288,60.5,4
9,287,70.0,4
9,351,77.0,4
9,213,63.25,4
9,212,63.25,4
9,250,0.0,4
9,335,62.5,4
9,344,72.0,4
9,164,71.0,4
9,258,58.0,4
9,118,68.75,4
9,196,77.25,4
9,107,71.75,4
9,133,82.5,4
9,215,85.5,4
9,124,70.75,4
9,146,68.0,4
9,204,72.25,4
9,324,79.0,4
9,114,75.75,4
9,119,60.75,4
9,186,68.25,4
9,223,82.0,4
9,326,70.5,4
9,334,73.5,4
9,355,77.25,4
9,352,0.0,4
9,229,69.0,4
9,292,73.25,4
9,148,63.75,4
9,178,67.0,4
9,301,75.75,4
9,302,58.5,4
9,330,58.0,4
9,177,0.0,4
9,182,64.75,4
9,300,82.75,4
9,313,73.25,4
9,320,75.75,4
9,110,67.25,4
9,325,65.0,4
9,294,65.5,4
9,251,51.0,4
9,319,62.25,4
9,336,68.25,4
9,341,47.5,4
9,345,66.25,4
9,361,57.75,4
9,207,63.5,4
9,371,0.0,4
9,120,59.5,4
9,275,50.5,4
9,377,66.0,4
9,342,64.25,4
9,102,61.75,4
9,103,67.5,4
9,169,68.5,4
9,155,73.25,4
9,289,78.5,4
9,290,68.5,4
9,291,73.0,4
9,125,71.25,4
9,111,77.5,4
9,141,0.0,4
9,179,61.25,4
9,194,0.0,4
9,208,62.25,4
9,217,76.5,4
9,282,83.75,4
9,293,66.75,4
9,310,63.25,4
9,322,75.5,4
9,332,62.0,4
9,339,83.25,4
9,321,0.0,4
9,109,76.5,4
9,236,83.0,4
9,375,71.0,4
9,317,77.5,4
9,329,76.75,4
9,362,71.75,4
9,298,80.25,4
9,303,0.0,4
9,309,0.0,4
9,364,0.0,4
9,101,54.75,4
9,176,64.5,4
9,231,0.0,4
9,279,70.5,4
9,304,60.5,4
9,265,73.25,4
9,170,67.75,4
9,171,51.5,4
9,235,0.0,4
9,264,69.25,4
9,234,0.0,4
9,142,63.0,4
9,180,62.5,4
9,286,56.75,4
9,338,58.25,4
9,252,59.0,4
9,267,0.0,4
9,193,0.0,4
9,306,0.0,4
9,181,65.75,4
9,314,65.75,4
9,331,65.5,4
9,366,53.5,4
9,378,64.5,4
9,296,50.5,4
9,248,61.0,4
9,268,0.0,4
9,299,61.5,4
9,305,64.0,4
9,233,56.5,4
9,230,0.0,4
9,281,71.25,4
9,297,45.5,4
9,308,66.5,4
9,228,0.0,4
9,122,50.75,4
9,218,66.5,4
9,365,63.5,4
9,232,0.0,4
9,272,69.25,4
9,349,36.25,4
9,360,52.25,4
9,348,69.5,4
11,158,72.33333333333333,4
11,117,79.0,4
11,130,80.33333333333333,4
11,266,76.66666666666667,4
11,278,81.33333333333333,4
11,156,66.0,4
11,380,71.33333333333333,4
11,165,79.33333333333333,4
11,227,79.33333333333333,4
11,244,73.66666666666667,4
11,157,83.0,4
11,161,76.33333333333333,4
11,167,72.33333333333333,4
11,160,76.33333333333333,4
11,370,75.0,4
11,174,74.0,4
11,175,74.0,4
11,173,77.66666666666667,4
11,280,74.0,4
11,163,79.66666666666667,4
11,356,0.0,4
11,357,77.66666666666667,4
11,384,81.0,4
11,383,0.0,4
11,379,85.0,4
11,162,0.0,4
11,382,78.66666666666667,4
11,222,79.0,4
11,184,67.33333333333333,4
11,311,0.0,4
11,245,0.0,4
11,183,0.0,4
11,138,0.0,4
11,166,87.33333333333333,4
11,246,80.66666666666667,4
11,259,78.33333333333333,4
11,295,80.33333333333333,4
11,363,70.0,4
11,137,69.0,4
11,172,0.0,4
11,139,74.0,4
11,153,66.66666666666667,4
11,257,0.0,4
11,132,75.0,4
11,115,82.0,4
11,247,81.0,4
11,143,74.33333333333333,4
11,369,65.66666666666667,4
11,220,68.0,4
11,105,81.66666666666667,4
11,106,75.66666666666667,4
11,129,79.66666666666667,4
11,144,77.33333333333333,4
11,150,70.0,4
11,372,72.33333333333333,4
11,381,70.33333333333333,4
11,159,78.66666666666667,4
11,190,74.0,4
11,192,79.33333333333333,4
11,337,81.33333333333333,4
11,201,70.0,4
11,226,72.33333333333333,4
11,209,73.66666666666667,4
11,242,76.66666666666667,4
11,237,78.66666666666667,4
11,376,65.66666666666667,4
11,253,72.0,4
11,254,69.0,4
11,255,77.66666666666667,4
11,262,74.33333333333333,4
11,216,72.0,4
11,127,77.66666666666667,4
11,273,70.33333333333333,4
11,285,61.333333333333336,4
11,312,73.33333333333333,4
11,198,0.0,4
11,195,81.33333333333333,4
11,263,73.66666666666667,4
11,271,73.33333333333333,4
11,315,75.33333333333333,4
11,346,83.0,4
11,276,81.0,4
11,385,70.66666666666667,4
11,359,67.66666666666667,4
11,116,73.66666666666667,4
11,189,63.0,4
11,260,71.66666666666667,4
11,185,0.0,4
11,104,71.33333333333333,4
11,149,69.0,4
11,188,72.0,4
11,191,62.0,4
11,347,72.0,4
11,200,60.0,4
11,241,72.33333333333333,4
11,277,71.0,4
11,261,75.33333333333333,4
11,126,70.0,4
11,140,0.0,4
11,197,0.0,4
11,284,58.666666666666664,4
11,316,65.33333333333333,4
11,368,59.333333333333336,4
11,112,80.0,4
11,211,74.66666666666667,4
11,358,77.33333333333333,4
11,128,89.66666666666667,4
11,270,74.66666666666667,4
11,386,74.33333333333333,4
11,134,0.0,4
11,131,87.66666666666667,4
11,274,80.66666666666667,4
11,219,77.66666666666667,4
11,136,80.66666666666667,4
11,168,70.66666666666667,4
11,340,78.66666666666667,4
11,307,81.33333333333333,4
11,214,67.0,4
11,206,72.66666666666667,4
11,269,82.0,4
11,249,0.0,4
11,121,82.66666666666667,4
11,323,74.66666666666667,4
11,123,77.0,4
11,147,70.0,4
11,256,79.33333333333333,4
11,205,63.333333333333336,4
11,151,73.0,4
11,202,77.0,4
11,240,70.33333333333333,4
11,225,81.0,4
11,239,72.66666666666667,4
11,318,0.0,4
11,343,78.33333333333333,4
11,187,71.0,4
11,199,70.0,4
11,367,76.33333333333333,4
11,243,78.33333333333333,4
11,152,77.0,4
11,350,69.33333333333333,4
11,333,0.0,4
11,283,0.0,4
11,154,0.0,4
11,354,81.33333333333333,4
11,374,81.0,4
11,113,82.66666666666667,4
11,221,75.0,4
11,327,70.33333333333333,4
11,353,0.0,4
11,373,74.0,4
11,108,71.66666666666667,4
11,328,69.33333333333333,4
11,210,74.33333333333333,4
11,135,68.66666666666667,4
11,145,60.666666666666664,4
11,203,60.666666666666664,4
11,224,61.0,4
11,238,0.0,4
11,288,67.0,4
11,287,65.33333333333333,4
11,351,68.33333333333333,4
11,213,72.33333333333333,4
11,212,70.66666666666667,4
11,250,0.0,4
11,335,62.666666666666664,4
11,344,72.0,4
11,164,85.33333333333333,4
11,258,69.0,4
11,118,83.33333333333333,4
11,196,90.0,4
11,107,83.0,4
11,133,86.0,4
11,215,88.66666666666667,4
11,124,76.0,4
11,146,77.0,4
11,204,79.66666666666667,4
11,324,81.33333333333333,4
11,114,82.33333333333333,4
11,119,79.66666666666667,4
11,186,74.33333333333333,4
11,223,79.0,4
11,326,83.33333333333333,4
11,334,81.33333333333333,4
11,355,82.33333333333333,4
11,352,0.0,4
11,229,82.66666666666667,4
11,292,85.66666666666667,4
11,148,71.33333333333333,4
11,178,77.0,4
11,301,80.66666666666667,4
11,302,71.33333333333333,4
11,330,73.0,4
11,177,0.0,4
11,182,70.66666666666667,4
11,300,74.0,4
11,313,76.33333333333333,4
11,320,79.66666666666667,4
11,110,75.66666666666667,4
11,325,65.33333333333333,4
11,294,82.33333333333333,4
11,251,74.66666666666667,4
11,319,80.33333333333333,4
11,336,74.66666666666667,4
11,341,83.33333333333333,4
11,345,71.0,4
11,361,81.0,4
11,207,69.0,4
11,371,0.0,4
11,120,87.33333333333333,4
11,275,88.0,4
11,377,69.0,4
11,342,82.0,4
11,102,76.0,4
11,103,88.33333333333333,4
11,169,79.0,4
11,155,85.66666666666667,4
11,289,81.66666666666667,4
11,290,79.33333333333333,4
11,291,78.66666666666667,4
11,125,76.66666666666667,4
11,111,76.33333333333333,4
11,141,0.0,4
11,179,63.666666666666664,4
11,194,0.0,4
11,208,72.33333333333333,4
11,217,77.0,4
11,282,82.66666666666667,4
11,293,77.0,4
11,310,66.0,4
11,322,75.66666666666667,4
11,332,77.33333333333333,4
11,339,70.66666666666667,4
11,321,0.0,4
11,109,81.0,4
11,236,77.0,4
11,375,81.0,4
11,317,80.0,4
11,329,79.33333333333333,4
11,362,81.0,4
11,298,75.0,4
11,303,0.0,4
11,309,0.0,4
11,364,0.0,4
11,101,76.66666666666667,4
11,176,74.0,4
11,231,0.0,4
11,279,76.0,4
11,304,66.66666666666667,4
11,265,68.0,4
11,170,66.0,4
11,171,53.333333333333336,4
11,235,0.0,4
11,264,71.0,4
11,234,0.0,4
11,142,66.66666666666667,4
11,180,71.66666666666667,4
11,286,67.0,4
11,338,77.0,4
11,252,70.0,4
11,267,0.0,4
11,193,0.0,4
11,306,0.0,4
11,181,79.0,4
11,314,60.333333333333336,4
11,331,76.33333333333333,4
11,366,71.0,4
11,378,69.33333333333333,4
11,296,62.333333333333336,4
11,248,70.33333333333333,4
11,268,0.0,4
11,299,66.33333333333333,4
11,305,81.33333333333333,4
11,233,71.33333333333333,4
11,230,0.0,4
11,281,68.0,4
11,297,60.333333333333336,4
11,308,72.66666666666667,4
11,228,0.0,4
11,122,79.33333333333333,4
11,218,71.33333333333333,4
11,365,76.0,4
11,232,0.0,4
11,272,75.66666666666667,4
11,349,52.0,4
11,360,69.33333333333333,4
11,348,74.0,4
13,158,58.666666666666664,4
13,117,53.333333333333336,4
13,130,55.666666666666664,4
13,266,67.33333333333333,4
13,278,63.333333333333336,4
13,156,73.33333333333333,4
13,380,50.333333333333336,4
13,165,50.666666666666664,4
13,227,69.0,4
13,244,48.0,4
13,157,51.666666666666664,4
13,161,60.666666666666664,4
13,167,58.0,4
13,160,43.333333333333336,4
13,370,52.0,4
13,174,54.0,4
13,175,41.0,4
13,173,42.666666666666664,4
13,280,53.333333333333336,4
13,163,52.666666666666664,4
13,356,0.0,4
13,357,49.666666666666664,4
13,384,43.666666666666664,4
13,383,0.0,4
13,379,52.666666666666664,4
13,162,0.0,4
13,382,45.666666666666664,4
13,222,49.666666666666664,4
13,184,48.666666666666664,4
13,311,0.0,4
13,245,0.0,4
13,183,0.0,4
13,138,0.0,4
13,166,53.0,4
13,246,72.66666666666667,4
13,259,40.0,4
13,295,43.666666666666664,4
13,363,42.0,4
13,137,48.333333333333336,4
13,172,0.0,4
13,139,49.0,4
13,153,51.333333333333336,4
13,257,0.0,4
13,132,43.666666666666664,4
13,115,66.33333333333333,4
13,247,58.0,4
13,143,49.0,4
13,369,47.0,4
13,220,49.333333333333336,4
13,105,44.666666666666664,4
13,106,53.666666666666664,4
13,129,53.666666666666664,4
13,144,45.0,4
13,150,46.0,4
13,372,59.666666666666664,4
13,381,50.0,4
13,159,44.0,4
13,190,55.333333333333336,4
13,192,49.0,4
13,337,58.333333333333336,4
13,201,55.666666666666664,4
13,226,65.33333333333333,4
13,209,55.333333333333336,4
13,242,52.0,4
13,237,60.0,4
13,376,50.0,4
13,253,53.666666666666664,4
13,254,48.333333333333336,4
13,255,51.0,4
13,262,50.666666666666664,4
13,216,44.333333333333336,4
13,127,53.666666666666664,4
13,273,54.333333333333336,4
13,285,41.0,4
13,312,54.333333333333336,4
13,198,0.0,4
13,195,55.333333333333336,4
13,263,46.333333333333336,4
13,271,53.0,4
13,315,40.333333333333336,4
13,346,51.666666666666664,4
13,276,45.0,4
13,385,50.666666666666664,4
13,359,48.0,4
13,116,43.0,4
13,189,49.666666666666664,4
13,260,46.0,4
13,185,0.0,4
13,104,50.333333333333336,4
13,149,55.0,4
13,188,53.333333333333336,4
13,191,54.333333333333336,4
13,347,45.666666666666664,4
13,200,49.333333333333336,4
13,241,53.0,4
13,277,45.333333333333336,4
13,261,52.666666666666664,4
13,126,45.666666666666664,4
13,140,0.0,4
13,197,0.0,4
13,284,52.333333333333336,4
13,316,44.0,4
13,368,41.666666666666664,4
13,112,56.0,4
13,211,51.333333333333336,4
13,358,52.666666666666664,4
13,128,52.666666666666664,4
13,270,52.0,4
13,386,56.333333333333336,4
13,134,0.0,4
13,131,47.666666666666664,4
13,274,55.333333333333336,4
13,219,55.666666666666664,4
13,136,54.0,4
13,168,61.0,4
13,340,63.0,4
13,307,70.33333333333333,4
13,214,60.0,4
13,206,51.666666666666664,4
13,269,58.666666666666664,4
13,249,0.0,4
13,121,40.333333333333336,4
13,323,45.0,4
13,123,48.0,4
13,147,50.333333333333336,4
13,256,47.333333333333336,4
13,205,55.333333333333336,4
13,151,51.666666666666664,4
13,202,53.666666666666664,4
13,240,36.333333333333336,4
13,225,52.666666666666664,4
13,239,48.333333333333336,4
13,318,0.0,4
13,343,44.666666666666664,4
13,187,34.333333333333336,4
13,199,32.0,4
13,367,48.0,4
13,243,67.33333333333333,4
13,152,93.66666666666667,4
13,350,77.0,4
13,333,0.0,4
13,283,0.0,4
13,154,0.0,4
13,354,51.666666666666664,4
13,374,63.666666666666664,4
13,113,58.333333333333336,4
13,221,47.0,4
13,327,43.666666666666664,4
13,353,0.0,4
13,373,56.333333333333336,4
13,108,60.666666666666664,4
13,328,49.0,4
13,210,65.33333333333333,4
13,135,47.666666666666664,4
13,145,47.333333333333336,4
13,203,50.0,4
13,224,41.333333333333336,4
13,238,0.0,4
13,288,47.0,4
13,287,58.333333333333336,4
13,351,51.0,4
13,213,68.66666666666667,4
13,212,49.666666666666664,4
13,250,0.0,4
13,335,44.333333333333336,4
13,344,48.0,4
13,164,63.0,4
13,258,61.666666666666664,4
13,118,64.0,4
13,196,58.333333333333336,4
13,107,76.66666666666667,4
13,133,59.0,4
13,215,60.666666666666664,4
13,124,62.666666666666664,4
13,146,58.333333333333336,4
13,204,65.33333333333333,4
13,324,64.66666666666667,4
13,114,69.0,4
13,119,66.66666666666667,4
13,186,52.666666666666664,4
13,223,64.66666666666667,4
13,326,54.0,4
13,334,79.66666666666667,4
13,355,60.666666666666664,4
13,352,0.0,4
13,229,75.33333333333333,4
13,292,87.0,4
13,148,87.33333333333333,4
13,178,85.66666666666667,4
13,301,89.33333333333333,4
13,302,83.66666666666667,4
13,330,88.0,4
13,177,0.0,4
13,182,84.66666666666667,4
13,300,90.0,4
13,313,80.66666666666667,4
13,320,95.66666666666667,4
13,110,79.0,4
13,325,85.33333333333333,4
13,294,89.66666666666667,4
13,251,84.33333333333333,4
13,319,88.33333333333333,4
13,336,86.33333333333333,4
13,341,89.33333333333333,4
13,345,83.33333333333333,4
13,361,83.0,4
13,207,88.33333333333333,4
13,371,0.0,4
13,120,93.0,4
13,275,96.0,4
13,377,77.33333333333333,4
13,342,90.33333333333333,4
13,102,88.66666666666667,4
13,103,94.66666666666667,4
13,169,92.0,4
13,155,89.0,4
13,289,89.66666666666667,4
13,290,95.66666666666667,4
13,291,88.0,4
13,125,96.0,4
13,111,82.33333333333333,4
13,141,0.0,4
13,179,90.0,4
13,194,0.0,4
13,208,92.66666666666667,4
13,217,88.66666666666667,4
13,282,92.33333333333333,4
13,293,91.66666666666667,4
13,310,98.33333333333333,4
13,322,70.33333333333333,4
13,332,93.33333333333333,4
13,339,86.0,4
13,321,0.0,4
13,109,93.33333333333333,4
13,236,92.33333333333333,4
13,375,89.66666666666667,4
13,317,92.33333333333333,4
13,329,81.33333333333333,4
13,362,92.0,4
13,298,87.0,4
13,303,0.0,4
13,309,0.0,4
13,364,0.0,4
13,101,83.33333333333333,4
13,176,91.33333333333333,4
13,231,0.0,4
13,279,91.66666666666667,4
13,304,86.66666666666667,4
13,265,71.33333333333333,4
13,170,51.666666666666664,4
13,171,51.333333333333336,4
13,235,0.0,4
13,264,63.0,4
13,234,0.0,4
13,142,83.66666666666667,4
13,180,81.33333333333333,4
13,286,85.33333333333333,4
13,338,85.33333333333333,4
13,252,80.66666666666667,4
13,267,0.0,4
13,193,0.0,4
13,306,0.0,4
13,181,85.33333333333333,4
13,314,73.0,4
13,331,88.33333333333333,4
13,366,80.66666666666667,4
13,378,76.0,4
13,296,84.0,4
13,248,80.33333333333333,4
13,268,0.0,4
13,299,67.0,4
13,305,88.66666666666667,4
13,233,88.0,4
13,230,0.0,4
13,281,85.0,4
13,297,83.33333333333333,4
13,308,92.0,4
13,228,0.0,4
13,122,90.66666666666667,4
13,218,87.0,4
13,365,90.66666666666667,4
13,232,0.0,4
13,272,91.66666666666667,4
13,349,60.666666666666664,4
13,360,48.666666666666664,4
13,348,61.333333333333336,4
